-- phpMyAdmin SQL Dump
-- version 5.0.4
-- https://www.phpmyadmin.net/
--
-- Servidor: 127.0.0.1
-- Tiempo de generación: 15-12-2021 a las 04:26:45
-- Versión del servidor: 10.4.17-MariaDB
-- Versión de PHP: 8.0.1

SET SQL_MODE = "NO_AUTO_VALUE_ON_ZERO";
START TRANSACTION;
SET time_zone = "+00:00";


/*!40101 SET @OLD_CHARACTER_SET_CLIENT=@@CHARACTER_SET_CLIENT */;
/*!40101 SET @OLD_CHARACTER_SET_RESULTS=@@CHARACTER_SET_RESULTS */;
/*!40101 SET @OLD_COLLATION_CONNECTION=@@COLLATION_CONNECTION */;
/*!40101 SET NAMES utf8mb4 */;

--
-- Base de datos: `aeropuerto`
--

-- --------------------------------------------------------

--
-- Estructura de tabla para la tabla `aduanas`
--

CREATE TABLE `aduanas` (
  `id_operacion` int(11) NOT NULL,
  `fecha` datetime NOT NULL,
  `id_vuelo` int(11) NOT NULL,
  `procedencia` varchar(60) NOT NULL
) ENGINE=InnoDB DEFAULT CHARSET=utf8mb4;

--
-- Volcado de datos para la tabla `aduanas`
--

INSERT INTO `aduanas` (`id_operacion`, `fecha`, `id_vuelo`, `procedencia`) VALUES
(1, '2021-12-11 18:39:00', 1, 'Egypt'),
(2, '2021-12-10 09:59:15', 2, 'Czech Republic'),
(3, '2021-12-11 06:02:02', 3, 'Guatemala'),
(4, '2021-12-11 01:43:09', 4, 'Mexico'),
(5, '2021-12-12 17:55:01', 5, 'Honduras'),
(6, '2021-12-11 03:09:01', 6, 'China'),
(7, '2021-12-12 08:11:08', 7, 'Central African Republic'),
(8, '2021-12-10 02:12:19', 8, 'United States'),
(9, '2021-12-11 08:41:58', 9, 'Philippines'),
(10, '2021-12-10 04:45:14', 10, 'Philippines'),
(11, '2021-12-12 10:45:09', 11, 'Nigeria'),
(12, '2021-12-10 21:05:02', 12, 'Mozambique'),
(13, '2021-12-12 09:25:02', 13, 'Colombia'),
(14, '2021-12-11 02:06:16', 14, 'Taiwan'),
(15, '2021-12-12 04:39:18', 15, 'Sweden'),
(16, '2021-12-10 06:32:47', 16, 'China'),
(17, '2021-12-10 21:08:12', 17, 'Colombia'),
(18, '2021-12-11 17:24:21', 18, 'Sweden'),
(19, '2021-12-10 16:21:03', 19, 'China'),
(20, '2021-12-11 14:53:18', 20, 'Ukraine'),
(21, '2021-12-11 22:07:37', 21, 'China'),
(22, '2021-12-12 01:52:52', 22, 'Togo'),
(23, '2021-12-12 08:51:42', 23, 'China'),
(24, '2021-12-12 06:03:29', 24, 'China'),
(25, '2021-12-10 16:30:12', 25, 'Senegal'),
(26, '2021-12-11 05:49:55', 26, 'Turkey'),
(27, '2021-12-12 05:28:12', 27, 'Japan'),
(28, '2021-12-12 08:22:51', 28, 'China'),
(29, '2021-12-11 05:45:13', 29, 'Brazil'),
(30, '2021-12-12 02:04:42', 30, 'China'),
(31, '2021-12-12 10:33:45', 31, 'Croatia'),
(32, '2021-12-10 02:10:03', 32, 'Canada'),
(33, '2021-12-12 10:10:05', 33, 'Indonesia'),
(34, '2021-12-11 23:24:11', 34, 'Mexico'),
(35, '2021-12-10 13:07:50', 35, 'China'),
(36, '2021-12-10 22:57:40', 36, 'Canada'),
(37, '2021-12-11 22:24:28', 37, 'Ukraine'),
(38, '2021-12-11 07:09:24', 38, 'France'),
(39, '2021-12-12 19:29:48', 39, 'China'),
(40, '2021-12-12 08:09:58', 40, 'Mongolia'),
(41, '2021-12-11 05:03:45', 41, 'Andorra'),
(42, '2021-12-11 16:18:00', 42, 'Brazil'),
(43, '2021-12-10 03:22:39', 43, 'Mauritius'),
(44, '2021-12-11 11:50:10', 44, 'Mongolia'),
(45, '2021-12-12 15:41:12', 45, 'China'),
(46, '2021-12-12 00:07:08', 46, 'Indonesia'),
(47, '2021-12-10 14:36:04', 47, 'Brazil'),
(48, '2021-12-10 02:25:30', 48, 'Ukraine'),
(49, '2021-12-10 14:50:14', 49, 'Indonesia'),
(50, '2021-12-11 18:59:39', 50, 'Azerbaijan');

-- --------------------------------------------------------

--
-- Estructura de tabla para la tabla `aereolinea`
--

CREATE TABLE `aereolinea` (
  `id_aereolinea` int(11) NOT NULL,
  `nombre` varchar(50) NOT NULL,
  `id_pais` int(11) NOT NULL
) ENGINE=InnoDB DEFAULT CHARSET=utf8mb4;

--
-- Volcado de datos para la tabla `aereolinea`
--

INSERT INTO `aereolinea` (`id_aereolinea`, `nombre`, `id_pais`) VALUES
(1, 'Stamm-Powlowski', 2),
(2, 'Labadie, DuBuque and Abshire', 10),
(3, 'Von Inc', 8),
(4, 'Emmerich-Connelly', 2),
(5, 'Denesik-Jacobson', 3),
(6, 'Daugherty-Beatty', 4),
(7, 'Pfeffer-Hermiston', 7),
(8, 'Sauer, Strosin and Lowe', 9),
(9, 'White, Murazik and Sanford', 6),
(10, 'Funk and Sons', 9),
(11, 'Metz-Wuckert', 3),
(12, 'Gusikowski, Funk and Erdman', 9),
(13, 'Cassin Inc', 9),
(14, 'Kub-Block', 11),
(15, 'Krajcik, King and Ruecker', 3),
(16, 'Gerhold Group', 8),
(17, 'Bartell Inc', 1),
(18, 'Hills Group', 9),
(19, 'Mayer-Konopelski', 9),
(20, 'Kilback LLC', 5);

-- --------------------------------------------------------

--
-- Estructura de tabla para la tabla `aeropuerto`
--

CREATE TABLE `aeropuerto` (
  `id_aeropuerto` int(11) NOT NULL,
  `nombre` varchar(100) NOT NULL,
  `ubicacion` varchar(1000) NOT NULL,
  `id_pais` int(11) NOT NULL,
  `tipo_aeropuerto` varchar(60) NOT NULL
) ENGINE=InnoDB DEFAULT CHARSET=utf8mb4;

--
-- Volcado de datos para la tabla `aeropuerto`
--

INSERT INTO `aeropuerto` (`id_aeropuerto`, `nombre`, `ubicacion`, `id_pais`, `tipo_aeropuerto`) VALUES
(1, 'Rempel, Boyer and Hand', 'Hudson', 6, 'General'),
(2, 'Blanda Group', 'Muir', 1, 'General'),
(3, 'Zulauf and Sons', 'Brickson Park', 2, 'Comercial'),
(4, 'Ondricka-Mayer', 'Warbler', 6, 'General'),
(5, 'Grady-Renner', 'Hanover', 3, 'Militar'),
(6, 'Schulist, Cummings and Rutherford', 'Dahle', 9, 'General'),
(7, 'Connelly-Gutkowski', 'Laurel', 5, 'Comercial'),
(8, 'Pollich, Weimann and Davis', 'Melody', 4, 'Militar'),
(9, 'Glover-Glover', 'Linden', 3, 'Comercial'),
(10, 'Schulist Group', 'Lindbergh', 6, 'Comercial'),
(11, 'Towne-Pouros', 'Delaware', 9, 'Comercial'),
(12, 'Grant, Ledner and Jast', 'Prairieview', 8, 'Militar'),
(13, 'Keeling LLC', 'Redwing', 3, 'General'),
(14, 'Cummings-Mohr', 'Sullivan', 7, 'Comercial'),
(15, 'Thompson-Metz', 'Beilfuss', 11, 'Comercial'),
(16, 'Parker-Turner', 'Lake View', 10, 'Comercial');

-- --------------------------------------------------------

--
-- Estructura de tabla para la tabla `aviones`
--

CREATE TABLE `aviones` (
  `id_avion` int(11) NOT NULL,
  `id_aereolinea` int(11) NOT NULL,
  `marca` varchar(100) NOT NULL,
  `tipo` varchar(100) NOT NULL,
  `numero_serie` varchar(100) NOT NULL,
  `id_hangar` int(11) NOT NULL,
  `fecha_ingreso` datetime NOT NULL,
  `fecha_salida` datetime NOT NULL
) ENGINE=InnoDB DEFAULT CHARSET=utf8mb4;

--
-- Volcado de datos para la tabla `aviones`
--

INSERT INTO `aviones` (`id_avion`, `id_aereolinea`, `marca`, `tipo`, `numero_serie`, `id_hangar`, `fecha_ingreso`, `fecha_salida`) VALUES
(1, 20, 'Dodge', 'Dakota', '395-79-3672', 1, '2021-12-06 12:24:34', '2021-12-13 00:00:00'),
(2, 16, 'Chevrolet', 'Silverado 1500', '309-80-8825', 10, '2021-11-26 00:39:12', '2021-12-13 00:00:00'),
(3, 4, 'Land Rover', 'Range Rover Sport', '351-47-2906', 6, '2021-11-24 12:58:28', '2021-12-13 00:00:00'),
(4, 10, 'Honda', 'Ridgeline', '588-41-4329', 6, '2021-11-21 18:18:16', '2021-12-13 00:00:00'),
(5, 20, 'GMC', 'Savana 1500', '383-84-8194', 7, '2021-11-19 16:35:16', '2021-12-13 00:00:00'),
(6, 20, 'Cadillac', 'CTS-V', '889-97-7947', 17, '2021-12-11 17:53:39', '2021-12-13 00:00:00'),
(7, 5, 'Audi', 'A7', '855-63-2175', 5, '2021-11-23 13:01:06', '2021-12-13 00:00:00'),
(8, 20, 'Mercedes-Benz', 'G-Class', '169-27-8450', 9, '2021-11-29 00:04:37', '2021-12-13 00:00:00'),
(9, 7, 'BMW', 'Z4', '810-39-4815', 17, '2021-12-03 01:53:00', '2021-12-13 00:00:00'),
(10, 6, 'Cadillac', 'DeVille', '663-16-6400', 1, '2021-12-03 07:36:01', '2021-12-13 00:00:00'),
(11, 20, 'Cadillac', 'Catera', '596-84-8513', 9, '2021-12-04 06:42:26', '2021-12-13 00:00:00'),
(12, 7, 'Bentley', 'Continental GT', '122-52-0352', 14, '2021-12-09 21:14:05', '2021-12-13 00:00:00'),
(13, 16, 'Mercedes-Benz', 'S-Class', '775-70-0876', 17, '2021-11-29 00:19:17', '2021-12-13 00:00:00'),
(14, 20, 'Mitsubishi', 'Starion', '861-23-8671', 16, '2021-11-28 18:09:35', '2021-12-13 00:00:00'),
(15, 20, 'Jeep', 'Wrangler', '631-98-5048', 15, '2021-11-17 02:28:40', '2021-12-13 00:00:00'),
(16, 3, 'Cadillac', 'Eldorado', '514-18-0292', 16, '2021-12-03 06:54:40', '2021-12-13 00:00:00');

-- --------------------------------------------------------

--
-- Estructura de tabla para la tabla `boletos`
--

CREATE TABLE `boletos` (
  `id_boleto` int(11) NOT NULL,
  `id_vuelo` int(11) NOT NULL,
  `id_cliente` int(11) NOT NULL,
  `asiento` tinytext NOT NULL
) ENGINE=InnoDB DEFAULT CHARSET=utf8mb4;

--
-- Volcado de datos para la tabla `boletos`
--

INSERT INTO `boletos` (`id_boleto`, `id_vuelo`, `id_cliente`, `asiento`) VALUES
(1, 44, 1, 'AIE47'),
(2, 19, 2, 'BTZ55'),
(3, 45, 3, 'AJM49'),
(4, 29, 4, 'BDO86'),
(5, 34, 5, 'AGI50'),
(6, 18, 6, 'BON41'),
(7, 46, 7, 'BYA99'),
(8, 48, 8, 'BOG05'),
(9, 42, 9, 'BWX82'),
(10, 9, 10, 'BFQ56'),
(11, 31, 11, 'AFX44'),
(12, 29, 12, 'BCG05'),
(13, 41, 13, 'ALC65'),
(14, 38, 14, 'BDI57'),
(15, 50, 15, 'BIE70'),
(16, 21, 16, 'BBG69'),
(17, 11, 17, 'BOT71'),
(18, 29, 18, 'AGK07'),
(19, 31, 19, 'BXN09'),
(20, 1, 20, 'AQK28'),
(21, 12, 21, 'BXY95'),
(22, 28, 22, 'BKP38'),
(23, 44, 23, 'AJJ23'),
(24, 29, 24, 'BKB34'),
(25, 47, 25, 'ACM88'),
(26, 11, 26, 'BVK25'),
(27, 39, 27, 'ADH48'),
(28, 12, 28, 'BFH95'),
(29, 50, 29, 'BFJ73'),
(30, 22, 30, 'BNC58'),
(31, 15, 31, 'ANX19'),
(32, 24, 32, 'AAL52'),
(33, 13, 33, 'BRV14'),
(34, 47, 34, 'ABN50'),
(35, 9, 35, 'BUA96'),
(36, 2, 36, 'BQN78'),
(37, 22, 37, 'AET22'),
(38, 43, 38, 'AWB52'),
(39, 10, 39, 'BTA63'),
(40, 46, 40, 'ADL11'),
(41, 27, 41, 'BEC51'),
(42, 4, 42, 'AQE82'),
(43, 27, 43, 'AVR44'),
(44, 6, 44, 'ARJ24'),
(45, 27, 45, 'AVR77'),
(46, 19, 46, 'AGY72'),
(47, 42, 47, 'ASB24'),
(48, 31, 48, 'AIO89'),
(49, 19, 49, 'AGH63'),
(50, 30, 50, 'BXR68'),
(51, 49, 51, 'BJL56'),
(52, 42, 52, 'BCV56'),
(53, 23, 53, 'ABO70'),
(54, 50, 54, 'BIP65'),
(55, 9, 55, 'BOJ28'),
(56, 2, 56, 'AYP96'),
(57, 49, 57, 'AXI88'),
(58, 38, 58, 'AOP16'),
(59, 19, 59, 'BHH59'),
(60, 32, 60, 'AQR03'),
(61, 44, 61, 'BRF54'),
(62, 48, 62, 'AKJ25'),
(63, 44, 63, 'BOX60'),
(64, 28, 64, 'BIG12'),
(65, 39, 65, 'BPW06'),
(66, 4, 66, 'AUN47'),
(67, 3, 67, 'BZR18'),
(68, 5, 68, 'AEF77'),
(69, 38, 69, 'BVH59'),
(70, 13, 70, 'ABG95'),
(71, 43, 71, 'BVB42'),
(72, 43, 72, 'BXK41'),
(73, 35, 73, 'BLR15'),
(74, 11, 74, 'ARL75'),
(75, 19, 75, 'BJT69'),
(76, 13, 76, 'BFN33'),
(77, 37, 77, 'AMB34'),
(78, 9, 78, 'BCT02'),
(79, 43, 79, 'AFU58'),
(80, 36, 80, 'BDS91'),
(81, 50, 81, 'BDC60'),
(82, 41, 82, 'BEO26'),
(83, 24, 83, 'BOZ80'),
(84, 14, 84, 'APM85'),
(85, 37, 85, 'BVJ12'),
(86, 23, 86, 'BEF13'),
(87, 48, 87, 'ARM40'),
(88, 33, 88, 'AKO13'),
(89, 16, 89, 'AYT09'),
(90, 30, 90, 'BGK75'),
(91, 16, 91, 'AMJ84'),
(92, 20, 92, 'ANO88'),
(93, 49, 93, 'ABT41'),
(94, 24, 94, 'AQQ89'),
(95, 38, 95, 'BWK22'),
(96, 10, 96, 'AOA57'),
(97, 12, 97, 'AQH15'),
(98, 17, 98, 'ADV51'),
(99, 50, 99, 'BBO46'),
(100, 7, 100, 'BLZ08'),
(101, 3, 101, 'BDN14'),
(102, 2, 102, 'BZM23'),
(103, 9, 103, 'BCI01'),
(104, 16, 104, 'AHW67'),
(105, 7, 105, 'AYX16'),
(106, 8, 106, 'AUS30'),
(107, 37, 107, 'ACY25'),
(108, 20, 108, 'AFB31'),
(109, 9, 109, 'AHN62'),
(110, 6, 110, 'BQD92'),
(111, 47, 111, 'BOE59'),
(112, 37, 112, 'BJQ65'),
(113, 39, 113, 'ARE46'),
(114, 33, 114, 'BSJ45'),
(115, 31, 115, 'AAI77'),
(116, 8, 116, 'BUV50'),
(117, 49, 117, 'AHY95'),
(118, 20, 118, 'BRT54'),
(119, 15, 119, 'BSU41'),
(120, 20, 120, 'BSC98'),
(121, 19, 121, 'BDG53'),
(122, 41, 122, 'BRT99'),
(123, 47, 123, 'BEK58'),
(124, 11, 124, 'AJV58'),
(125, 2, 125, 'BOH44'),
(126, 39, 126, 'BUK54'),
(127, 42, 127, 'BSE82'),
(128, 14, 128, 'AZS39'),
(129, 47, 129, 'AWV97'),
(130, 45, 130, 'AWK05'),
(131, 37, 131, 'BAG92'),
(132, 13, 132, 'AVY10'),
(133, 50, 133, 'BBR67'),
(134, 4, 134, 'ARI02'),
(135, 1, 135, 'AQI33'),
(136, 6, 136, 'AGR63'),
(137, 31, 137, 'BNK15'),
(138, 50, 138, 'ANE42'),
(139, 31, 139, 'BBU78'),
(140, 22, 140, 'BMB94'),
(141, 50, 141, 'BEP52'),
(142, 24, 142, 'AEB12'),
(143, 32, 143, 'BPL64'),
(144, 46, 144, 'AQA81'),
(145, 25, 145, 'ANL34'),
(146, 29, 146, 'BHF64'),
(147, 43, 147, 'BCX61'),
(148, 12, 148, 'AYM38'),
(149, 17, 149, 'BHL89'),
(150, 46, 150, 'BIE66'),
(151, 40, 151, 'AJN43'),
(152, 18, 152, 'AVH17'),
(153, 4, 153, 'BYL90'),
(154, 39, 154, 'BPQ89'),
(155, 1, 155, 'AVR56'),
(156, 20, 156, 'AAD03'),
(157, 6, 157, 'AXS10'),
(158, 1, 158, 'BGR47'),
(159, 23, 159, 'BLQ65'),
(160, 42, 160, 'BKK20'),
(161, 6, 161, 'BBG19'),
(162, 7, 162, 'ALF37'),
(163, 45, 163, 'AWF19'),
(164, 26, 164, 'BIE04'),
(165, 2, 165, 'ARB02'),
(166, 41, 166, 'AJU19'),
(167, 48, 167, 'BDO17'),
(168, 7, 168, 'BZX03'),
(169, 6, 169, 'BYZ81'),
(170, 25, 170, 'BRY61'),
(171, 43, 171, 'BQB70'),
(172, 27, 172, 'BKC05'),
(173, 33, 173, 'ALP61'),
(174, 25, 174, 'BMU17'),
(175, 9, 175, 'BGG67'),
(176, 19, 176, 'BME06'),
(177, 9, 177, 'BIA37'),
(178, 2, 178, 'BJH09'),
(179, 7, 179, 'BRZ17'),
(180, 3, 180, 'AIE86'),
(181, 31, 181, 'AFJ18'),
(182, 34, 182, 'BYA16'),
(183, 5, 183, 'BOG02'),
(184, 9, 184, 'BLM18'),
(185, 9, 185, 'BQW33'),
(186, 23, 186, 'ARA89'),
(187, 33, 187, 'BGB10'),
(188, 38, 188, 'BHK82'),
(189, 50, 189, 'AEC42'),
(190, 28, 190, 'BGI79'),
(191, 26, 191, 'ACR36'),
(192, 28, 192, 'APV64'),
(193, 42, 193, 'BSX13'),
(194, 38, 194, 'AFZ18'),
(195, 25, 195, 'ASN72'),
(196, 19, 196, 'AZG13'),
(197, 23, 197, 'AMJ56'),
(198, 4, 198, 'AUJ19'),
(199, 7, 199, 'AWK25'),
(200, 28, 200, 'AFY95'),
(201, 33, 201, 'AYZ61'),
(202, 15, 202, 'BGZ17'),
(203, 43, 203, 'AUM92'),
(204, 40, 204, 'ACL82'),
(205, 12, 205, 'AXP09'),
(206, 21, 206, 'BAW50'),
(207, 20, 207, 'BZW67'),
(208, 12, 208, 'BKK21'),
(209, 40, 209, 'ATF76'),
(210, 49, 210, 'AKQ14'),
(211, 19, 211, 'BHU66'),
(212, 28, 212, 'ARU35'),
(213, 4, 213, 'ANY56'),
(214, 10, 214, 'BYU65'),
(215, 41, 215, 'BBO76'),
(216, 31, 216, 'AOM66'),
(217, 35, 217, 'BQT14'),
(218, 43, 218, 'AGQ26'),
(219, 7, 219, 'BOQ05'),
(220, 31, 220, 'BDA93'),
(221, 45, 221, 'BZR02'),
(222, 50, 222, 'AJT30'),
(223, 10, 223, 'ADP46'),
(224, 36, 224, 'ALP65'),
(225, 24, 225, 'ABC25'),
(226, 6, 226, 'ANP48'),
(227, 49, 227, 'BTU11'),
(228, 48, 228, 'AGM99'),
(229, 15, 229, 'AGT82'),
(230, 29, 230, 'BMJ10'),
(231, 49, 231, 'AXV06'),
(232, 30, 232, 'ART13'),
(233, 39, 233, 'AXP26'),
(234, 30, 234, 'BPR00'),
(235, 36, 235, 'AKG25'),
(236, 49, 236, 'AML55'),
(237, 40, 237, 'BMU09'),
(238, 39, 238, 'AQR27'),
(239, 23, 239, 'ARK32'),
(240, 15, 240, 'BVY66'),
(241, 39, 241, 'BXF61'),
(242, 31, 242, 'BAF18'),
(243, 1, 243, 'AOZ39'),
(244, 2, 244, 'AXL82'),
(245, 8, 245, 'AYW66'),
(246, 14, 246, 'BBE82'),
(247, 21, 247, 'BQF15'),
(248, 32, 248, 'BMP00'),
(249, 8, 249, 'BYM36'),
(250, 12, 250, 'AGY14'),
(251, 49, 251, 'BPS68'),
(252, 42, 252, 'BAL99'),
(253, 25, 253, 'ATQ51'),
(254, 19, 254, 'AQY62'),
(255, 23, 255, 'ANE15'),
(256, 6, 256, 'BJX59'),
(257, 41, 257, 'BBG11'),
(258, 43, 258, 'BBY25'),
(259, 39, 259, 'BEO45'),
(260, 44, 260, 'ALN62'),
(261, 2, 261, 'AKE46'),
(262, 24, 262, 'ASS71'),
(263, 3, 263, 'BFR32'),
(264, 32, 264, 'AWG20'),
(265, 20, 265, 'BAZ63'),
(266, 7, 266, 'ADN93'),
(267, 27, 267, 'AMY67'),
(268, 24, 268, 'BNU15'),
(269, 42, 269, 'AMP97'),
(270, 33, 270, 'AUT84'),
(271, 35, 271, 'BWN91'),
(272, 49, 272, 'AOV05'),
(273, 5, 273, 'BCU35'),
(274, 35, 274, 'AER66'),
(275, 50, 275, 'AQF87'),
(276, 39, 276, 'ACI34'),
(277, 8, 277, 'BBB48'),
(278, 14, 278, 'AYM19'),
(279, 21, 279, 'AMT70'),
(280, 44, 280, 'BYP93'),
(281, 22, 281, 'BIZ46'),
(282, 16, 282, 'ACW23'),
(283, 7, 283, 'BBT67'),
(284, 21, 284, 'BTV87'),
(285, 15, 285, 'APV81'),
(286, 28, 286, 'BHE44'),
(287, 17, 287, 'BDD57'),
(288, 9, 288, 'BFD52'),
(289, 10, 289, 'AAP11'),
(290, 38, 290, 'BMY89'),
(291, 27, 291, 'BCT24'),
(292, 47, 292, 'BVA53'),
(293, 23, 293, 'AZL79'),
(294, 14, 294, 'AFL23'),
(295, 44, 295, 'BDP74'),
(296, 12, 296, 'ABE63'),
(297, 3, 297, 'AUW66'),
(298, 5, 298, 'AZF10'),
(299, 23, 299, 'ARG62'),
(300, 31, 300, 'BWF03'),
(301, 24, 301, 'ATZ02'),
(302, 18, 302, 'ATT12'),
(303, 46, 303, 'AMI74'),
(304, 14, 304, 'BFN37'),
(305, 26, 305, 'BZS71'),
(306, 7, 306, 'BNJ46'),
(307, 33, 307, 'BGS03'),
(308, 8, 308, 'BXN25'),
(309, 41, 309, 'ADE94'),
(310, 46, 310, 'BFF55'),
(311, 37, 311, 'BSJ58'),
(312, 23, 312, 'BGG52'),
(313, 14, 313, 'BGK27'),
(314, 12, 314, 'BGS00'),
(315, 15, 315, 'ACJ32'),
(316, 36, 316, 'BMI22'),
(317, 18, 317, 'AXZ72'),
(318, 42, 318, 'BAL70'),
(319, 11, 319, 'BCT55'),
(320, 16, 320, 'AAI65'),
(321, 13, 321, 'AHW08'),
(322, 29, 322, 'AUH59'),
(323, 26, 323, 'BOS65'),
(324, 40, 324, 'ABL66'),
(325, 19, 325, 'BXP33'),
(326, 21, 326, 'AHR07'),
(327, 15, 327, 'AEE99'),
(328, 13, 328, 'ACS64'),
(329, 21, 329, 'AUP28'),
(330, 14, 330, 'BGX12'),
(331, 14, 331, 'AEF66'),
(332, 14, 332, 'AEX29'),
(333, 27, 333, 'ADC54'),
(334, 16, 334, 'AQF97'),
(335, 34, 335, 'BKM05'),
(336, 42, 336, 'BAP68'),
(337, 47, 337, 'APM29'),
(338, 29, 338, 'BYW94'),
(339, 36, 339, 'BUE50'),
(340, 47, 340, 'BQE63'),
(341, 27, 341, 'AAT20'),
(342, 46, 342, 'AYL43'),
(343, 2, 343, 'ADL16'),
(344, 49, 344, 'BXV04'),
(345, 14, 345, 'BOL39'),
(346, 50, 346, 'ANJ62'),
(347, 50, 347, 'AMU49'),
(348, 41, 348, 'BJM10'),
(349, 44, 349, 'AQB35'),
(350, 41, 350, 'AFP76'),
(351, 20, 351, 'BTZ32'),
(352, 5, 352, 'AEB71'),
(353, 38, 353, 'BYN83'),
(354, 18, 354, 'BLG10'),
(355, 45, 355, 'BEI80'),
(356, 9, 356, 'AHV07'),
(357, 42, 357, 'AZN50'),
(358, 44, 358, 'AIK20'),
(359, 24, 359, 'AVA14'),
(360, 25, 360, 'AHD26'),
(361, 35, 361, 'BIU12'),
(362, 3, 362, 'ACN13'),
(363, 37, 363, 'ANA35'),
(364, 8, 364, 'AHS72'),
(365, 33, 365, 'BZS23'),
(366, 34, 366, 'BDZ96'),
(367, 22, 367, 'BOI08'),
(368, 24, 368, 'BMV01'),
(369, 12, 369, 'BWC23'),
(370, 19, 370, 'AVX06'),
(371, 2, 371, 'ACN17'),
(372, 14, 372, 'AES32'),
(373, 39, 373, 'BYD85'),
(374, 4, 374, 'AEO69'),
(375, 50, 375, 'BPU33'),
(376, 47, 376, 'BXI00'),
(377, 33, 377, 'BQE67'),
(378, 27, 378, 'ACA87'),
(379, 37, 379, 'AIZ95'),
(380, 35, 380, 'BUH71'),
(381, 31, 381, 'AEP88'),
(382, 7, 382, 'BEN68'),
(383, 41, 383, 'AAE27'),
(384, 32, 384, 'BJS39'),
(385, 10, 385, 'AYJ10'),
(386, 17, 386, 'BXC75'),
(387, 7, 387, 'BCO08'),
(388, 46, 388, 'AIT08'),
(389, 44, 389, 'AQF16'),
(390, 28, 390, 'AVM51'),
(391, 19, 391, 'BJR03'),
(392, 13, 392, 'BHP10'),
(393, 10, 393, 'BQP50'),
(394, 11, 394, 'BKV77'),
(395, 44, 395, 'BAM22'),
(396, 35, 396, 'BRQ49'),
(397, 3, 397, 'BJB45'),
(398, 14, 398, 'ASK13'),
(399, 3, 399, 'BCU91'),
(400, 39, 400, 'BDT64'),
(401, 20, 401, 'BUK20'),
(402, 20, 402, 'BCK06'),
(403, 2, 403, 'BUK91'),
(404, 36, 404, 'BPK46'),
(405, 34, 405, 'BHU70'),
(406, 16, 406, 'BDH88'),
(407, 16, 407, 'BYO57'),
(408, 20, 408, 'APN63'),
(409, 16, 409, 'AWH02'),
(410, 34, 410, 'ANX82'),
(411, 20, 411, 'AJD12'),
(412, 17, 412, 'BBR74'),
(413, 48, 413, 'BML74'),
(414, 41, 414, 'BRA39'),
(415, 24, 415, 'BOE12'),
(416, 33, 416, 'APR65'),
(417, 19, 417, 'AUU64'),
(418, 6, 418, 'AVK17'),
(419, 6, 419, 'BCR84'),
(420, 46, 420, 'AAR64'),
(421, 33, 421, 'APA94'),
(422, 38, 422, 'AFJ80'),
(423, 23, 423, 'ASI20'),
(424, 4, 424, 'ADH96'),
(425, 17, 425, 'BQZ41'),
(426, 47, 426, 'AIX17'),
(427, 33, 427, 'BRY32'),
(428, 45, 428, 'ATJ44'),
(429, 4, 429, 'BKA31'),
(430, 10, 430, 'AKV78'),
(431, 13, 431, 'BAK06'),
(432, 31, 432, 'BNQ72'),
(433, 41, 433, 'ANS34'),
(434, 46, 434, 'AOG29'),
(435, 32, 435, 'BLQ30'),
(436, 21, 436, 'ALM76'),
(437, 47, 437, 'BUF69'),
(438, 3, 438, 'BXJ83'),
(439, 15, 439, 'ALY26'),
(440, 44, 440, 'ATO76'),
(441, 17, 441, 'AKS36'),
(442, 46, 442, 'BVB65'),
(443, 24, 443, 'BNV37'),
(444, 11, 444, 'BXA82'),
(445, 21, 445, 'ASM37'),
(446, 20, 446, 'AKJ19'),
(447, 8, 447, 'AAI02'),
(448, 18, 448, 'BSF04'),
(449, 49, 449, 'BZE41'),
(450, 3, 450, 'ARE56'),
(451, 20, 451, 'BWE54'),
(452, 24, 452, 'APK79'),
(453, 41, 453, 'AOD95'),
(454, 42, 454, 'BIX82'),
(455, 8, 455, 'ATO40'),
(456, 14, 456, 'AYE42'),
(457, 34, 457, 'BJC16'),
(458, 8, 458, 'AJY46'),
(459, 40, 459, 'AOQ99'),
(460, 5, 460, 'ADC00'),
(461, 41, 461, 'BMU20'),
(462, 24, 462, 'BZC89'),
(463, 40, 463, 'ACH82'),
(464, 15, 464, 'BCY15'),
(465, 38, 465, 'BQG97'),
(466, 37, 466, 'AME09'),
(467, 34, 467, 'AMX49'),
(468, 23, 468, 'AGH26'),
(469, 6, 469, 'BEU24'),
(470, 5, 470, 'AKM08'),
(471, 7, 471, 'AVV23'),
(472, 33, 472, 'AHI35'),
(473, 24, 473, 'BYJ37'),
(474, 25, 474, 'AIG76'),
(475, 38, 475, 'BPA31'),
(476, 1, 476, 'AAK98'),
(477, 1, 477, 'BUI35'),
(478, 21, 478, 'BMM88'),
(479, 46, 479, 'BLF90'),
(480, 34, 480, 'BQM86'),
(481, 23, 481, 'BPX50'),
(482, 32, 482, 'AHH56'),
(483, 45, 483, 'AJI43'),
(484, 34, 484, 'AAC82'),
(485, 19, 485, 'AAH58'),
(486, 39, 486, 'BUN76'),
(487, 47, 487, 'BWY74'),
(488, 34, 488, 'BHW65'),
(489, 41, 489, 'AVM62'),
(490, 42, 490, 'BHV73'),
(491, 14, 491, 'BMP46'),
(492, 9, 492, 'BZM01'),
(493, 14, 493, 'BQB17'),
(494, 10, 494, 'AEB75'),
(495, 18, 495, 'BID89'),
(496, 22, 496, 'AFN54'),
(497, 17, 497, 'ALO07'),
(498, 20, 498, 'BSX64'),
(499, 34, 499, 'BSL75'),
(500, 50, 500, 'AHZ92'),
(501, 43, 501, 'AZS74'),
(502, 34, 502, 'AUY70'),
(503, 33, 503, 'BID92'),
(504, 4, 504, 'BIW22'),
(505, 50, 505, 'AIL17'),
(506, 14, 506, 'BBC50'),
(507, 15, 507, 'AYT65'),
(508, 34, 508, 'AMM72'),
(509, 12, 509, 'APL82'),
(510, 21, 510, 'AZC59'),
(511, 15, 511, 'AFR68'),
(512, 35, 512, 'AHT26'),
(513, 9, 513, 'AKT22'),
(514, 34, 514, 'AHU12'),
(515, 42, 515, 'BPR88'),
(516, 28, 516, 'BSK44'),
(517, 10, 517, 'BCN67'),
(518, 22, 518, 'AFZ37'),
(519, 19, 519, 'BOB57'),
(520, 3, 520, 'ALV08'),
(521, 34, 521, 'BWL02'),
(522, 29, 522, 'AST15'),
(523, 35, 523, 'AWI39'),
(524, 41, 524, 'BWP58'),
(525, 3, 525, 'BKI89'),
(526, 16, 526, 'AMN11'),
(527, 17, 527, 'AMF59'),
(528, 48, 528, 'BJK78'),
(529, 32, 529, 'AKM70'),
(530, 18, 530, 'AYA73'),
(531, 3, 531, 'BLL03'),
(532, 15, 532, 'AXH34'),
(533, 21, 533, 'APK78'),
(534, 25, 534, 'ATR39'),
(535, 26, 535, 'BKW80'),
(536, 44, 536, 'AZU74'),
(537, 26, 537, 'BJP60'),
(538, 34, 538, 'BBN85'),
(539, 16, 539, 'AZR02'),
(540, 47, 540, 'AFT84'),
(541, 8, 541, 'AGC56'),
(542, 41, 542, 'ALB48'),
(543, 48, 543, 'BKO19'),
(544, 4, 544, 'BOD90'),
(545, 5, 545, 'BIJ81'),
(546, 9, 546, 'BOC76'),
(547, 38, 547, 'BEV38'),
(548, 40, 548, 'BCT38'),
(549, 22, 549, 'BCP38'),
(550, 31, 550, 'AKL54'),
(551, 40, 551, 'AVY89'),
(552, 28, 552, 'BWR30'),
(553, 39, 553, 'BWZ83'),
(554, 35, 554, 'BLW85'),
(555, 42, 555, 'BKX78'),
(556, 36, 556, 'BOX88'),
(557, 46, 557, 'BXE42'),
(558, 35, 558, 'ACZ62'),
(559, 33, 559, 'BDC30'),
(560, 13, 560, 'BEG73'),
(561, 17, 561, 'BEC59'),
(562, 12, 562, 'AEV68'),
(563, 22, 563, 'AAL94'),
(564, 38, 564, 'BWD91'),
(565, 16, 565, 'BNP91'),
(566, 46, 566, 'BYJ76'),
(567, 34, 567, 'BLA02'),
(568, 33, 568, 'BRY01'),
(569, 29, 569, 'BII25'),
(570, 19, 570, 'BGL91'),
(571, 43, 571, 'AUO10'),
(572, 46, 572, 'ABG20'),
(573, 39, 573, 'BZU30'),
(574, 34, 574, 'BIH26'),
(575, 22, 575, 'ARO79'),
(576, 37, 576, 'AHL96'),
(577, 14, 577, 'ANI02'),
(578, 25, 578, 'AKC07'),
(579, 36, 579, 'BOS89'),
(580, 40, 580, 'BKB32'),
(581, 42, 581, 'BWM09'),
(582, 7, 582, 'BME68'),
(583, 41, 583, 'BSF02'),
(584, 12, 584, 'ACN49'),
(585, 31, 585, 'AXU43'),
(586, 19, 586, 'BCU81'),
(587, 12, 587, 'BMH92'),
(588, 23, 588, 'AHU66'),
(589, 15, 589, 'AFS96'),
(590, 19, 590, 'ATM29'),
(591, 30, 591, 'BFG73'),
(592, 38, 592, 'AGV67'),
(593, 18, 593, 'BHN67'),
(594, 14, 594, 'BKC21'),
(595, 39, 595, 'BTV01'),
(596, 50, 596, 'BLH72'),
(597, 19, 597, 'BOK80'),
(598, 1, 598, 'BSG38'),
(599, 3, 599, 'AGG43'),
(600, 42, 600, 'AOB70'),
(601, 34, 601, 'BAO82'),
(602, 17, 602, 'BNT15'),
(603, 21, 603, 'AFB47'),
(604, 30, 604, 'AHF65'),
(605, 39, 605, 'BNE33'),
(606, 18, 606, 'BDD32'),
(607, 46, 607, 'BCX53'),
(608, 1, 608, 'ATY84'),
(609, 45, 609, 'ATM56'),
(610, 37, 610, 'BGP37'),
(611, 16, 611, 'AXC97'),
(612, 38, 612, 'APT79'),
(613, 48, 613, 'ALY37'),
(614, 7, 614, 'BPZ03'),
(615, 44, 615, 'AWX70'),
(616, 41, 616, 'BVK82'),
(617, 43, 617, 'BBA99'),
(618, 9, 618, 'BKA31'),
(619, 40, 619, 'BNC96'),
(620, 50, 620, 'AUE75'),
(621, 15, 621, 'ALA26'),
(622, 2, 622, 'BWM30'),
(623, 13, 623, 'BTW16'),
(624, 37, 624, 'BJX92'),
(625, 17, 625, 'BCK23'),
(626, 48, 626, 'AQZ21'),
(627, 7, 627, 'BGP14'),
(628, 18, 628, 'BHJ76'),
(629, 22, 629, 'ACV42'),
(630, 9, 630, 'AWN71'),
(631, 43, 631, 'BUX64'),
(632, 45, 632, 'AYH52'),
(633, 43, 633, 'ASD10'),
(634, 33, 634, 'AXI34'),
(635, 12, 635, 'AKU78'),
(636, 15, 636, 'AQD72'),
(637, 35, 637, 'BGK61'),
(638, 14, 638, 'ACJ75'),
(639, 47, 639, 'AXF20'),
(640, 22, 640, 'AOR64'),
(641, 34, 641, 'BRE73'),
(642, 26, 642, 'AXI98'),
(643, 20, 643, 'AIV20'),
(644, 44, 644, 'AQU23'),
(645, 36, 645, 'AZX29'),
(646, 28, 646, 'BBH97'),
(647, 39, 647, 'ALV35'),
(648, 47, 648, 'BRT89'),
(649, 47, 649, 'AYH88'),
(650, 40, 650, 'BLX06'),
(651, 47, 651, 'AZT70'),
(652, 38, 652, 'AZT14'),
(653, 6, 653, 'BMD29'),
(654, 20, 654, 'AYB95'),
(655, 42, 655, 'AEN31'),
(656, 46, 656, 'BPK35'),
(657, 39, 657, 'BQK17'),
(658, 11, 658, 'AQL76'),
(659, 38, 659, 'ASL98'),
(660, 7, 660, 'BRG63'),
(661, 39, 661, 'BCM68'),
(662, 2, 662, 'BGX76'),
(663, 37, 663, 'BEQ22'),
(664, 6, 664, 'ACM15'),
(665, 40, 665, 'BHW91'),
(666, 20, 666, 'ANH20'),
(667, 42, 667, 'BLZ22'),
(668, 37, 668, 'APL61'),
(669, 38, 669, 'ARE56'),
(670, 10, 670, 'BJD70'),
(671, 9, 671, 'BCQ71'),
(672, 10, 672, 'AWX78'),
(673, 25, 673, 'AQW35'),
(674, 41, 674, 'AIR34'),
(675, 47, 675, 'BLV36'),
(676, 16, 676, 'BRY08'),
(677, 33, 677, 'ASP77'),
(678, 8, 678, 'AHX76'),
(679, 42, 679, 'AVY72'),
(680, 23, 680, 'AHT44'),
(681, 35, 681, 'BOR34'),
(682, 3, 682, 'BGA93'),
(683, 41, 683, 'ACR53'),
(684, 27, 684, 'BDU60'),
(685, 17, 685, 'AAW16'),
(686, 24, 686, 'BBV75'),
(687, 45, 687, 'BXM26'),
(688, 29, 688, 'ASF67'),
(689, 22, 689, 'AMX94'),
(690, 10, 690, 'BZK94'),
(691, 32, 691, 'AJA14'),
(692, 34, 692, 'AVX76'),
(693, 41, 693, 'AKU43'),
(694, 9, 694, 'ANF78'),
(695, 7, 695, 'BSB66'),
(696, 40, 696, 'AGA71'),
(697, 15, 697, 'BJO72'),
(698, 40, 698, 'AGL94'),
(699, 6, 699, 'BGK72'),
(700, 40, 700, 'AMM23'),
(701, 2, 701, 'BCN25'),
(702, 27, 702, 'ACF51'),
(703, 12, 703, 'BRJ12'),
(704, 28, 704, 'BLI58'),
(705, 46, 705, 'AHK98'),
(706, 18, 706, 'ALX39'),
(707, 30, 707, 'BTM13'),
(708, 13, 708, 'AWT56'),
(709, 3, 709, 'BZN29'),
(710, 7, 710, 'AVN43'),
(711, 35, 711, 'ASM37'),
(712, 26, 712, 'AWP17'),
(713, 41, 713, 'BOZ36'),
(714, 35, 714, 'AOG08'),
(715, 38, 715, 'BZZ57'),
(716, 49, 716, 'BGL85'),
(717, 18, 717, 'BWC39'),
(718, 21, 718, 'ACO90'),
(719, 25, 719, 'BZC81'),
(720, 39, 720, 'BBE14'),
(721, 4, 721, 'BWZ06'),
(722, 29, 722, 'AMH96'),
(723, 10, 723, 'BLC23'),
(724, 6, 724, 'AMT77'),
(725, 41, 725, 'AEP86'),
(726, 1, 726, 'AQI85'),
(727, 20, 727, 'AMV03'),
(728, 35, 728, 'BDU86'),
(729, 3, 729, 'AJE34'),
(730, 38, 730, 'BKX62'),
(731, 32, 731, 'BUI80'),
(732, 49, 732, 'BCB97'),
(733, 4, 733, 'BPL26'),
(734, 3, 734, 'BJZ44'),
(735, 45, 735, 'AWS63'),
(736, 3, 736, 'ACP17'),
(737, 26, 737, 'BNP84'),
(738, 4, 738, 'BTP19'),
(739, 25, 739, 'BCT35'),
(740, 17, 740, 'BDC77'),
(741, 20, 741, 'BIR74'),
(742, 33, 742, 'BKV76'),
(743, 7, 743, 'AQH90'),
(744, 14, 744, 'BFT45'),
(745, 19, 745, 'AQA41'),
(746, 13, 746, 'BPJ22'),
(747, 13, 747, 'BML63'),
(748, 6, 748, 'AZO53'),
(749, 25, 749, 'BFN17'),
(750, 11, 750, 'BBF87'),
(751, 34, 751, 'BSN86'),
(752, 6, 752, 'AOL05'),
(753, 28, 753, 'BLC13'),
(754, 8, 754, 'ATB64'),
(755, 40, 755, 'BUB38'),
(756, 20, 756, 'AXL05'),
(757, 34, 757, 'AQJ70'),
(758, 34, 758, 'BTY97'),
(759, 8, 759, 'BUC68'),
(760, 49, 760, 'ACM50'),
(761, 50, 761, 'AEE43'),
(762, 49, 762, 'AXF55'),
(763, 41, 763, 'AJK80'),
(764, 1, 764, 'BFS73'),
(765, 5, 765, 'AJZ94'),
(766, 32, 766, 'AMX46'),
(767, 41, 767, 'BTG23'),
(768, 44, 768, 'BQI44'),
(769, 38, 769, 'BWM28'),
(770, 22, 770, 'APK25'),
(771, 43, 771, 'BGT70'),
(772, 48, 772, 'BBT44'),
(773, 29, 773, 'AAX39'),
(774, 21, 774, 'BLH24'),
(775, 16, 775, 'ADW24'),
(776, 9, 776, 'BHJ04'),
(777, 7, 777, 'ARB75'),
(778, 28, 778, 'ANV98'),
(779, 18, 779, 'AEI93'),
(780, 3, 780, 'ARG35'),
(781, 31, 781, 'AOH35'),
(782, 27, 782, 'AOG10'),
(783, 11, 783, 'ALL97'),
(784, 47, 784, 'AUY83'),
(785, 16, 785, 'BOX15'),
(786, 25, 786, 'BAK78'),
(787, 45, 787, 'BHA73'),
(788, 32, 788, 'ADG22'),
(789, 30, 789, 'BKN47'),
(790, 31, 790, 'AJO71'),
(791, 3, 791, 'BVG18'),
(792, 28, 792, 'BXW75'),
(793, 46, 793, 'ARU33'),
(794, 21, 794, 'BLQ93'),
(795, 6, 795, 'AXP19'),
(796, 35, 796, 'BUK61'),
(797, 28, 797, 'ALG40'),
(798, 44, 798, 'AEH49'),
(799, 45, 799, 'BZA73'),
(800, 6, 800, 'AEX22'),
(801, 35, 801, 'BEW94'),
(802, 13, 802, 'ABY99'),
(803, 2, 803, 'BLX85'),
(804, 33, 804, 'AVL30'),
(805, 43, 805, 'BYV49'),
(806, 18, 806, 'ARS83'),
(807, 8, 807, 'AJE03'),
(808, 5, 808, 'BTW65'),
(809, 5, 809, 'BWJ01'),
(810, 32, 810, 'BWF08'),
(811, 48, 811, 'BTU16'),
(812, 47, 812, 'BGK70'),
(813, 9, 813, 'AIS78'),
(814, 34, 814, 'BIL15'),
(815, 37, 815, 'AYH34'),
(816, 45, 816, 'AKX97'),
(817, 12, 817, 'BLI73'),
(818, 37, 818, 'BOJ28'),
(819, 31, 819, 'BMB14'),
(820, 25, 820, 'AIQ63'),
(821, 45, 821, 'BMS16'),
(822, 28, 822, 'BKR75'),
(823, 38, 823, 'BOH29'),
(824, 50, 824, 'AFL50'),
(825, 35, 825, 'BEX84'),
(826, 25, 826, 'BMY84'),
(827, 31, 827, 'BMW35'),
(828, 8, 828, 'AWV10'),
(829, 14, 829, 'BMT84'),
(830, 37, 830, 'AND97'),
(831, 16, 831, 'BQY73'),
(832, 32, 832, 'AFE85'),
(833, 17, 833, 'BCB20'),
(834, 6, 834, 'BRQ27'),
(835, 31, 835, 'ANW41'),
(836, 7, 836, 'AZJ92'),
(837, 17, 837, 'BTV70'),
(838, 48, 838, 'ACT71'),
(839, 2, 839, 'AIK27'),
(840, 39, 840, 'BUN24'),
(841, 8, 841, 'BUE20'),
(842, 44, 842, 'AXH87'),
(843, 8, 843, 'AMK08'),
(844, 46, 844, 'BTY48'),
(845, 36, 845, 'BJA42'),
(846, 4, 846, 'BTS04'),
(847, 5, 847, 'BIZ02'),
(848, 24, 848, 'AZV89'),
(849, 20, 849, 'AON77'),
(850, 12, 850, 'BFA70'),
(851, 6, 851, 'BGF88'),
(852, 10, 852, 'ACX46'),
(853, 49, 853, 'ACM99'),
(854, 35, 854, 'BOC02'),
(855, 10, 855, 'AQB96'),
(856, 42, 856, 'BQR71'),
(857, 44, 857, 'BTP37'),
(858, 44, 858, 'AOG74'),
(859, 5, 859, 'BLJ63'),
(860, 26, 860, 'AQU93'),
(861, 5, 861, 'APM41'),
(862, 48, 862, 'BKL82'),
(863, 37, 863, 'AAN99'),
(864, 31, 864, 'BNH78'),
(865, 48, 865, 'ACO15'),
(866, 48, 866, 'BUX85'),
(867, 35, 867, 'AEP91'),
(868, 11, 868, 'BSF90'),
(869, 6, 869, 'BZY39'),
(870, 25, 870, 'AOW22'),
(871, 30, 871, 'BWI59'),
(872, 25, 872, 'BSG06'),
(873, 10, 873, 'BJT10'),
(874, 50, 874, 'BJS16'),
(875, 12, 875, 'BAG56'),
(876, 29, 876, 'BND83'),
(877, 5, 877, 'BLP66'),
(878, 35, 878, 'BAU81'),
(879, 22, 879, 'ANS51'),
(880, 5, 880, 'BVQ33'),
(881, 45, 881, 'AYD52'),
(882, 20, 882, 'AXV38'),
(883, 13, 883, 'BMW47'),
(884, 41, 884, 'ABQ96'),
(885, 35, 885, 'AFF87'),
(886, 29, 886, 'ATQ59'),
(887, 32, 887, 'AKV91'),
(888, 27, 888, 'AYX89'),
(889, 2, 889, 'BKH15'),
(890, 37, 890, 'BTI90'),
(891, 17, 891, 'ABI21'),
(892, 43, 892, 'BJW32'),
(893, 27, 893, 'ANG36'),
(894, 13, 894, 'BUM14'),
(895, 20, 895, 'BQX68'),
(896, 13, 896, 'AYT34'),
(897, 22, 897, 'BHB24'),
(898, 48, 898, 'BAQ01'),
(899, 10, 899, 'BEN61'),
(900, 11, 900, 'BRK96'),
(901, 21, 901, 'AQK16'),
(902, 7, 902, 'ALJ76'),
(903, 2, 903, 'ATD86'),
(904, 8, 904, 'ATZ52'),
(905, 15, 905, 'AIT53'),
(906, 39, 906, 'AAV26'),
(907, 35, 907, 'BCR41'),
(908, 38, 908, 'BKL12'),
(909, 25, 909, 'BPP60'),
(910, 7, 910, 'AHU79'),
(911, 47, 911, 'ANO98'),
(912, 24, 912, 'BAV75'),
(913, 6, 913, 'ASM61'),
(914, 47, 914, 'BMZ88'),
(915, 33, 915, 'AAU88'),
(916, 28, 916, 'AZQ78'),
(917, 6, 917, 'AOL58'),
(918, 31, 918, 'BMX05'),
(919, 50, 919, 'AVD42'),
(920, 26, 920, 'APH17'),
(921, 4, 921, 'BNF42'),
(922, 26, 922, 'BPS98'),
(923, 27, 923, 'AFS88'),
(924, 30, 924, 'BUW15'),
(925, 49, 925, 'AYG23'),
(926, 19, 926, 'AGK59'),
(927, 43, 927, 'BSR44'),
(928, 40, 928, 'BWE65'),
(929, 10, 929, 'BYE26'),
(930, 35, 930, 'AUU37'),
(931, 45, 931, 'BUV08'),
(932, 18, 932, 'BOF39'),
(933, 39, 933, 'BYC29'),
(934, 28, 934, 'BIA75'),
(935, 17, 935, 'AKO28'),
(936, 8, 936, 'AHZ56'),
(937, 43, 937, 'BZQ88'),
(938, 28, 938, 'BYT35'),
(939, 50, 939, 'AGS67'),
(940, 7, 940, 'AGV09'),
(941, 9, 941, 'BFK36'),
(942, 34, 942, 'BOY52'),
(943, 36, 943, 'AQY22'),
(944, 6, 944, 'AHK34'),
(945, 43, 945, 'BFZ37'),
(946, 8, 946, 'BHE16'),
(947, 32, 947, 'AEB66'),
(948, 48, 948, 'BUF68'),
(949, 27, 949, 'BSE68'),
(950, 45, 950, 'ANI63'),
(951, 45, 951, 'BYR92'),
(952, 34, 952, 'BZQ17'),
(953, 12, 953, 'BDN54'),
(954, 7, 954, 'BCT56'),
(955, 38, 955, 'BAD71'),
(956, 37, 956, 'AWI69'),
(957, 34, 957, 'AOS19'),
(958, 11, 958, 'BBH57'),
(959, 12, 959, 'AJI04'),
(960, 11, 960, 'AXO37'),
(961, 29, 961, 'BKD24'),
(962, 50, 962, 'AMJ97'),
(963, 20, 963, 'BUK70'),
(964, 27, 964, 'APW37'),
(965, 20, 965, 'BLG64'),
(966, 47, 966, 'BGD12'),
(967, 45, 967, 'APT83'),
(968, 38, 968, 'ATK14'),
(969, 24, 969, 'ACY98'),
(970, 4, 970, 'ASN46'),
(971, 29, 971, 'BUV77'),
(972, 18, 972, 'BPG35'),
(973, 3, 973, 'BEU67'),
(974, 26, 974, 'AKJ96'),
(975, 6, 975, 'AIE69'),
(976, 3, 976, 'AFG86'),
(977, 28, 977, 'BWR01'),
(978, 5, 978, 'BJB57'),
(979, 25, 979, 'BTF97'),
(980, 27, 980, 'BOJ69'),
(981, 24, 981, 'ALD50'),
(982, 19, 982, 'BKC80'),
(983, 31, 983, 'BXM35'),
(984, 37, 984, 'ARW83'),
(985, 10, 985, 'BLX07'),
(986, 8, 986, 'AMY18'),
(987, 1, 987, 'BIC65'),
(988, 42, 988, 'BVH39'),
(989, 24, 989, 'BMS40'),
(990, 20, 990, 'AMD05'),
(991, 28, 991, 'AEC91'),
(992, 48, 992, 'ANR12'),
(993, 43, 993, 'BGS58'),
(994, 13, 994, 'BPS68'),
(995, 12, 995, 'AQX19'),
(996, 16, 996, 'AJC55'),
(997, 8, 997, 'BSA77'),
(998, 18, 998, 'AVN55'),
(999, 45, 999, 'ALV55'),
(1000, 11, 1000, 'AZT00');

-- --------------------------------------------------------

--
-- Estructura de tabla para la tabla `copiloto`
--

CREATE TABLE `copiloto` (
  `id_copiloto` int(11) NOT NULL,
  `nombre` varchar(50) NOT NULL,
  `ap_paterno` varchar(50) NOT NULL,
  `ap_materno` varchar(50) NOT NULL,
  `curp` varchar(18) NOT NULL,
  `fecha` date NOT NULL,
  `sexo` varchar(10) NOT NULL
) ENGINE=InnoDB DEFAULT CHARSET=utf8mb4;

--
-- Volcado de datos para la tabla `copiloto`
--

INSERT INTO `copiloto` (`id_copiloto`, `nombre`, `ap_paterno`, `ap_materno`, `curp`, `fecha`, `sexo`) VALUES
(1, 'Dyana', 'Grundon', 'Jeannard', 'CJQG996984MNIM37', '2003-03-21', 'M'),
(2, 'Esmaria', 'Cordey', 'Oliva', 'CLIH041478HXJH09', '2005-04-11', 'H'),
(3, 'Honey', 'Tidman', 'Gentil', 'QWCO342606MYGL67', '1982-10-01', 'H'),
(4, 'Erek', 'Bingell', 'Fransewich', 'DEZK828752MJTD93', '2002-06-18', 'H'),
(5, 'Amalle', 'Quarry', 'Paddefield', 'SNJR696097HUDA82', '2008-10-02', 'M'),
(6, 'Ulrick', 'Ruttgers', 'Hoxey', 'LCYL147774MOSC35', '1993-10-15', 'H'),
(7, 'Cobby', 'Dutt', 'Joslyn', 'LENU225169MDYC94', '2020-04-25', 'H'),
(8, 'Sharyl', 'Hawick', 'Zahor', 'WEZU628160MEZD44', '2003-04-05', 'M'),
(9, 'Larissa', 'Kull', 'Giraudo', 'NQOX710267HQOX59', '2019-12-11', 'H'),
(10, 'Meridith', 'Paz', 'Bate', 'OVGB648889HOWK65', '1999-08-12', 'M'),
(11, 'Stanley', 'Cashen', 'Taffe', 'QFSS687991MBIF14', '1990-09-12', 'M'),
(12, 'Maryl', 'Vaskov', 'Ellwell', 'BPIL228246HDAI11', '1981-05-02', 'M'),
(13, 'Krisha', 'Stellino', 'Spawforth', 'CVSB688779MPST59', '1988-12-27', 'H'),
(14, 'Vladamir', 'Strathern', 'Dorant', 'KYRN478412HIVJ27', '2007-03-24', 'H'),
(15, 'Abagail', 'Kowal', 'Togwell', 'CPUX913145HHNK17', '1997-09-29', 'M');

-- --------------------------------------------------------

--
-- Estructura de tabla para la tabla `empleados_aereopuerto`
--

CREATE TABLE `empleados_aereopuerto` (
  `id_empleado_aereopuerto` int(11) NOT NULL,
  `nombre` varchar(50) NOT NULL,
  `ap_paterno` varchar(50) NOT NULL,
  `ap_materno` varchar(50) NOT NULL,
  `fecha` date NOT NULL,
  `id_puesto` int(11) NOT NULL,
  `id_terminal` int(11) NOT NULL
) ENGINE=InnoDB DEFAULT CHARSET=utf8mb4;

--
-- Volcado de datos para la tabla `empleados_aereopuerto`
--

INSERT INTO `empleados_aereopuerto` (`id_empleado_aereopuerto`, `nombre`, `ap_paterno`, `ap_materno`, `fecha`, `id_puesto`, `id_terminal`) VALUES
(1, 'Nadine', 'MacCracken', 'Whines', '2021-10-11', 6, 41),
(2, 'Agnesse', 'Lockley', 'Lydster', '2021-04-02', 7, 20),
(3, 'Kylynn', 'Lindstrom', 'Schriren', '2021-08-14', 5, 40),
(4, 'Bendix', 'L\' Estrange', 'Topes', '2021-02-12', 6, 41),
(5, 'Dael', 'Bamforth', 'Tubritt', '2021-09-05', 1, 34),
(6, 'Evonne', 'Beggini', 'Goozee', '2021-05-25', 8, 45),
(7, 'Glen', 'Tewnion', 'Yewdale', '2021-03-09', 1, 40),
(8, 'Stevie', 'Goves', 'Storer', '2021-03-08', 7, 15),
(9, 'Reynold', 'Verity', 'Chilcott', '2021-08-30', 4, 17),
(10, 'Austine', 'Fulep', 'Sans', '2021-07-15', 8, 11),
(11, 'Koral', 'McCray', 'Keese', '2021-01-08', 2, 49),
(12, 'Mahmoud', 'Mark', 'Farney', '2021-07-21', 1, 43),
(13, 'Jilleen', 'MacMaykin', 'Dybald', '2021-06-17', 3, 22),
(14, 'Olivier', 'Sturmey', 'Adin', '2021-10-07', 5, 6),
(15, 'Ludvig', 'Schimann', 'Ratt', '2021-05-05', 9, 23),
(16, 'Merola', 'Fearn', 'Halworth', '2021-07-07', 5, 7),
(17, 'Lanae', 'De Bischof', 'Giraudou', '2021-09-07', 7, 31),
(18, 'Rubin', 'Carlick', 'Ramberg', '2021-03-25', 7, 41),
(19, 'Staffard', 'Blagdon', 'Leifer', '2021-06-01', 3, 10),
(20, 'Gareth', 'Gorghetto', 'McMaster', '2021-05-16', 7, 7),
(21, 'Mireille', 'Ruperto', 'Allchin', '2021-05-06', 5, 22),
(22, 'Chic', 'Stampfer', 'Chaudhry', '2021-01-07', 1, 4),
(23, 'Benn', 'Mitchell', 'Gebbe', '2021-11-04', 8, 13),
(24, 'Nils', 'Whiting', 'Gilyott', '2021-01-07', 2, 30),
(25, 'Estele', 'Fassum', 'Ariss', '2021-08-16', 1, 50),
(26, 'Alasteir', 'Laurenz', 'Davidovich', '2021-05-11', 7, 17),
(27, 'Domenic', 'Duiged', 'Rudiger', '2021-01-26', 7, 1),
(28, 'Cornie', 'Haglington', 'Osbaldeston', '2021-04-02', 2, 2),
(29, 'Fernando', 'Keitch', 'Meaney', '2021-10-04', 6, 46),
(30, 'Mercie', 'Jagiela', 'Ough', '2021-03-05', 7, 35),
(31, 'Nancey', 'Smetoun', 'Landes', '2021-04-12', 8, 19),
(32, 'Mab', 'Fullerton', 'Huegett', '2020-12-17', 1, 8),
(33, 'Nilson', 'Hugill', 'Ennor', '2021-06-20', 6, 44),
(34, 'Karel', 'Morlon', 'Livingston', '2021-01-18', 7, 4),
(35, 'Jarred', 'Sigfrid', 'Bauckham', '2020-12-29', 3, 25),
(36, 'Ethyl', 'MacIan', 'MacGille', '2021-04-24', 8, 14),
(37, 'Fayette', 'Alldritt', 'Gerauld', '2021-01-17', 3, 46),
(38, 'Euphemia', 'Bleacher', 'Buist', '2021-05-24', 1, 35),
(39, 'Oswald', 'Diegan', 'Fforde', '2021-09-03', 6, 17),
(40, 'Shepard', 'Rehn', 'Varvell', '2021-11-17', 9, 30),
(41, 'Karleen', 'Norgate', 'Solway', '2021-04-17', 7, 4),
(42, 'Prescott', 'Lukasen', 'Kroin', '2021-03-02', 8, 11),
(43, 'Oren', 'Rosendale', 'Garoghan', '2021-06-15', 1, 25),
(44, 'Aurlie', 'De Cruce', 'McNeil', '2021-01-29', 8, 20),
(45, 'Maren', 'Pockey', 'Criag', '2021-05-02', 1, 47),
(46, 'Keenan', 'Hazel', 'Filisov', '2021-04-05', 8, 9),
(47, 'Cathe', 'Conechie', 'Kersley', '2021-01-06', 1, 41),
(48, 'Skipton', 'Clousley', 'Barnicott', '2020-12-31', 7, 13),
(49, 'Bunny', 'Sunter', 'Huxley', '2021-11-14', 3, 5),
(50, 'Dacia', 'Kohneke', 'Bartolommeo', '2021-05-18', 5, 40),
(51, 'Deane', 'Sellers', 'Mattessen', '2021-04-22', 6, 2),
(52, 'Virginia', 'Roycroft', 'Huggan', '2021-02-27', 3, 49),
(53, 'Bree', 'Linne', 'Hardage', '2021-03-08', 5, 37),
(54, 'Vonny', 'Hyndman', 'Sandon', '2021-02-21', 1, 5),
(55, 'Morton', 'Stentiford', 'Clowney', '2021-05-29', 7, 49),
(56, 'Eddi', 'Vaz', 'Mitroshinov', '2021-03-01', 2, 27),
(57, 'Findlay', 'Grieveson', 'Gravenell', '2021-06-22', 2, 28),
(58, 'Earl', 'Mabb', 'Grieger', '2020-12-28', 9, 11),
(59, 'Noellyn', 'Rheam', 'Lazenbury', '2021-05-18', 6, 11),
(60, 'Brittney', 'Forrest', 'Cuddehay', '2021-01-12', 7, 13),
(61, 'Rockey', 'Coorington', 'Seale', '2021-08-24', 8, 34),
(62, 'Boy', 'Joiner', 'Songer', '2021-09-18', 3, 46),
(63, 'Arley', 'Scrivner', 'Attenbrough', '2021-04-20', 9, 18),
(64, 'Odessa', 'Snalom', 'Baraclough', '2021-09-12', 1, 6),
(65, 'Carmen', 'Mattityahou', 'Hutson', '2021-04-04', 9, 2),
(66, 'Baily', 'Vina', 'Hanratty', '2021-06-10', 5, 4),
(67, 'Lottie', 'Stefanovic', 'Lovelady', '2021-04-17', 9, 3),
(68, 'Fonzie', 'Pervoe', 'Dumpleton', '2021-01-01', 5, 47),
(69, 'Hurlee', 'Meah', 'Brychan', '2021-10-14', 9, 49),
(70, 'Jud', 'Berisford', 'Carnier', '2021-08-01', 6, 26),
(71, 'Mattie', 'Inkles', 'McClory', '2021-01-22', 4, 12),
(72, 'Rabbi', 'Serjeant', 'Bossons', '2021-07-29', 9, 26),
(73, 'Vlad', 'Jerrems', 'Murdy', '2021-08-24', 8, 27),
(74, 'Janey', 'Prahm', 'Claremont', '2021-01-15', 1, 42),
(75, 'Adolphus', 'Camois', 'Matic', '2021-06-06', 9, 36),
(76, 'Tatiana', 'Coughlan', 'Ritchie', '2021-10-25', 5, 21),
(77, 'Mill', 'Thieme', 'Twoohy', '2021-09-10', 6, 45),
(78, 'Isaac', 'Craxford', 'Croutear', '2021-09-03', 3, 8),
(79, 'Moore', 'Juares', 'Mephan', '2021-05-09', 6, 25),
(80, 'Silas', 'Turfus', 'Lotterington', '2021-02-20', 2, 41),
(81, 'Bart', 'Anster', 'Fawloe', '2021-04-28', 5, 26),
(82, 'Veradis', 'Dalwood', 'Denk', '2021-11-03', 1, 13),
(83, 'Pepillo', 'MacMaster', 'Hague', '2021-03-15', 8, 2),
(84, 'Dario', 'Gibbe', 'Gotts', '2021-03-25', 1, 40),
(85, 'Aurie', 'Marritt', 'Rikkard', '2021-09-04', 1, 1),
(86, 'Floria', 'O\' Mullane', 'Lazer', '2021-07-17', 3, 37),
(87, 'Delainey', 'Bothwell', 'Grouer', '2021-10-04', 4, 34),
(88, 'Leigha', 'Haggidon', 'Kerby', '2021-05-05', 1, 7),
(89, 'Olly', 'Baddow', 'Benoy', '2021-03-14', 1, 39),
(90, 'Ethelyn', 'Ungaretti', 'Brumble', '2021-10-08', 4, 38),
(91, 'Marilin', 'Amdohr', 'Schultz', '2021-10-20', 9, 39),
(92, 'Andy', 'Dallman', 'Paxforde', '2021-12-05', 8, 15),
(93, 'Ellwood', 'Dot', 'Vlasov', '2021-03-18', 3, 29),
(94, 'Arabele', 'Brigstock', 'Mitton', '2021-07-10', 1, 34),
(95, 'Addia', 'Nicol', 'Calcut', '2021-06-18', 7, 2),
(96, 'Giorgia', 'Strathearn', 'Duffil', '2020-12-31', 8, 40),
(97, 'Maury', 'Garbutt', 'Ashtonhurst', '2021-01-02', 5, 19),
(98, 'Chalmers', 'Guillard', 'Sertin', '2021-11-03', 8, 12),
(99, 'Myca', 'Tommasi', 'Tondeur', '2021-03-10', 8, 27),
(100, 'Shirlee', 'Rogers', 'Brierton', '2021-03-09', 3, 23),
(101, 'Chrissy', 'Clulee', 'Lacheze', '2021-10-17', 8, 49),
(102, 'Cari', 'Stratley', 'Lumpkin', '2021-09-08', 2, 22),
(103, 'Giulietta', 'Lathey', 'Meese', '2021-11-25', 2, 1),
(104, 'Britte', 'Cuxson', 'Wraighte', '2021-08-17', 6, 33),
(105, 'Gilberte', 'Bullick', 'Handscomb', '2021-12-01', 8, 35),
(106, 'Caspar', 'Ivanikhin', 'Heintsch', '2021-06-03', 1, 40),
(107, 'Cheslie', 'Butlin', 'Markson', '2021-08-24', 6, 16),
(108, 'Gigi', 'Figgess', 'Ruoss', '2021-05-13', 4, 19),
(109, 'Elenore', 'Stokes', 'Loyndon', '2021-05-08', 9, 41),
(110, 'Barthel', 'Larchier', 'Proom', '2021-03-13', 2, 38),
(111, 'Drusilla', 'Greenrde', 'Frampton', '2021-01-02', 2, 35),
(112, 'Merrill', 'Annell', 'Angear', '2021-01-27', 6, 24),
(113, 'Dania', 'Conford', 'McCreadie', '2021-06-07', 5, 44),
(114, 'Ryann', 'McKirton', 'Royle', '2021-04-13', 8, 46),
(115, 'Merilyn', 'Callaby', 'Hollindale', '2021-07-05', 8, 45),
(116, 'Betteanne', 'Osgodby', 'Kealey', '2021-01-15', 8, 2),
(117, 'Faythe', 'Ashurst', 'Nethercott', '2021-07-12', 4, 14),
(118, 'Maurise', 'Minard', 'Pagan', '2021-03-24', 5, 40),
(119, 'Kyle', 'Thomtson', 'Di Pietro', '2021-03-12', 3, 19),
(120, 'Michale', 'Plowright', 'Bazely', '2021-04-29', 1, 36),
(121, 'Joellen', 'Blaycock', 'O\'Riordan', '2021-09-24', 7, 11),
(122, 'Cherry', 'Shernock', 'McIlreavy', '2021-02-14', 7, 47),
(123, 'Moritz', 'Hinzer', 'Demsey', '2021-07-21', 9, 43),
(124, 'Geri', 'Doran', 'Hurring', '2021-10-03', 8, 1),
(125, 'Abbie', 'Tixier', 'Doy', '2021-05-24', 8, 20),
(126, 'Chic', 'Wadlow', 'Scawen', '2021-08-09', 4, 17),
(127, 'Miguel', 'Armistead', 'Middleditch', '2021-01-09', 9, 5),
(128, 'Carley', 'Casbolt', 'Sneller', '2021-05-15', 9, 41),
(129, 'Muire', 'Brindle', 'Lattimore', '2021-07-26', 8, 4),
(130, 'Astrix', 'Naris', 'Merdew', '2021-03-21', 2, 43),
(131, 'Mommy', 'Storey', 'Hounsome', '2021-08-03', 9, 26),
(132, 'Edee', 'Gomes', 'Piddlehinton', '2021-10-27', 7, 3),
(133, 'Dynah', 'Bentall', 'Corney', '2021-04-23', 2, 35),
(134, 'Leigh', 'Ranscombe', 'Souten', '2021-07-09', 6, 10),
(135, 'Orelia', 'Waylett', 'Feldman', '2021-03-15', 6, 26),
(136, 'Lilia', 'Fallows', 'Wilse', '2021-07-21', 1, 3),
(137, 'Melvin', 'Huyge', 'Scarratt', '2021-09-23', 6, 6),
(138, 'Madison', 'Cawsy', 'Gennrich', '2021-07-13', 7, 27),
(139, 'Nevsa', 'Hathaway', 'Colloff', '2021-01-18', 6, 20),
(140, 'Ede', 'Saltman', 'Truss', '2021-04-13', 4, 21),
(141, 'Briant', 'Harm', 'Lundberg', '2021-02-05', 2, 37),
(142, 'Georgetta', 'Ead', 'Dudleston', '2021-04-13', 9, 3),
(143, 'Kurtis', 'Ching', 'Connechy', '2021-08-11', 6, 17),
(144, 'Asher', 'Browse', 'Bolens', '2021-10-24', 3, 39),
(145, 'Janot', 'Hearle', 'Goutcher', '2021-01-17', 9, 45),
(146, 'Sinclair', 'Boud', 'Tunder', '2021-07-06', 5, 25),
(147, 'Edita', 'Bisseker', 'Inold', '2021-09-14', 3, 15),
(148, 'Sherie', 'Learmond', 'Steckings', '2021-11-12', 5, 43),
(149, 'Egbert', 'Sutherel', 'Andreix', '2021-03-31', 7, 5),
(150, 'Zak', 'Self', 'Pickerin', '2021-11-11', 3, 35),
(151, 'Quincey', 'Sparwell', 'Outlaw', '2021-08-18', 9, 48),
(152, 'Richie', 'Upex', 'Stonbridge', '2021-08-07', 1, 38),
(153, 'Preston', 'Dalgetty', 'Kaspar', '2021-05-04', 2, 50),
(154, 'Sayers', 'Bison', 'McCarl', '2021-03-15', 6, 21),
(155, 'Mayor', 'Magrannell', 'MacKessock', '2021-06-29', 6, 11),
(156, 'Pietro', 'Baldrey', 'Paler', '2021-05-17', 3, 13),
(157, 'Genevra', 'Tugman', 'Gauford', '2021-01-13', 8, 30),
(158, 'Fremont', 'Englefield', 'Courtin', '2021-11-22', 1, 27),
(159, 'Lorenzo', 'Ducarel', 'Bill', '2021-10-24', 7, 14),
(160, 'Chrissy', 'Alexsandrov', 'Gould', '2021-02-12', 7, 3),
(161, 'Codie', 'Bogies', 'Tenny', '2021-01-31', 1, 24),
(162, 'Jobyna', 'Maywood', 'Youel', '2021-11-03', 3, 7),
(163, 'Hale', 'Kleingrub', 'Stote', '2021-03-05', 2, 5),
(164, 'Penelopa', 'Fidell', 'Lightfoot', '2021-04-22', 6, 19),
(165, 'Ebeneser', 'Soggee', 'McTrustrie', '2021-02-19', 9, 13),
(166, 'Zola', 'Logie', 'Swaffield', '2020-12-23', 4, 17),
(167, 'Gardiner', 'Goosey', 'Currington', '2021-08-23', 2, 12),
(168, 'Scotty', 'Gaskins', 'Knowlys', '2021-10-08', 7, 32),
(169, 'Margo', 'Chopy', 'Hylands', '2021-04-14', 9, 11),
(170, 'Horace', 'Gilffillan', 'Barthrop', '2021-11-29', 4, 39),
(171, 'Chet', 'Cauthra', 'Cammacke', '2021-12-01', 3, 42),
(172, 'Justis', 'Follan', 'Cackett', '2021-01-13', 6, 37),
(173, 'Taryn', 'Blackall', 'Whittingham', '2021-05-03', 7, 37),
(174, 'Cecily', 'Elgee', 'Bath', '2021-04-25', 9, 25),
(175, 'Hugibert', 'Pym', 'Santacrole', '2021-04-02', 2, 25),
(176, 'Prescott', 'Longstreet', 'Rother', '2021-07-01', 7, 7),
(177, 'Hussein', 'McShirrie', 'Adamthwaite', '2021-03-20', 4, 35),
(178, 'Jody', 'Jenken', 'Mayston', '2021-09-18', 5, 42),
(179, 'Joseito', 'Riggeard', 'Doohan', '2021-08-29', 8, 9),
(180, 'Ardath', 'Sperry', 'Assante', '2021-07-12', 9, 23),
(181, 'Silvano', 'Parlot', 'Elvy', '2021-10-19', 4, 47),
(182, 'Waring', 'MacGowan', 'Bennedick', '2021-11-16', 6, 11),
(183, 'Janet', 'Windrus', 'McGonigle', '2021-10-16', 7, 20),
(184, 'Rocky', 'Wloch', 'Sessuns', '2021-01-23', 4, 6),
(185, 'Reider', 'Stanyon', 'Dow', '2021-05-12', 8, 12),
(186, 'Melania', 'Cadagan', 'Lambol', '2021-02-04', 6, 47),
(187, 'Aindrea', 'Trytsman', 'Gue', '2021-07-09', 3, 19),
(188, 'Wayland', 'Bloxam', 'Devote', '2021-06-09', 2, 27),
(189, 'Gabi', 'Vasiliev', 'Widdup', '2021-11-17', 2, 48),
(190, 'Griselda', 'Romanetti', 'Schwander', '2021-01-03', 3, 11),
(191, 'Stu', 'Skeggs', 'Hulk', '2021-06-06', 6, 37),
(192, 'Cathe', 'Fusedale', 'Aronov', '2021-09-25', 5, 34),
(193, 'Genny', 'Mathen', 'Yaldren', '2021-07-13', 7, 15),
(194, 'Cleve', 'Espinosa', 'Tripp', '2021-09-11', 3, 7),
(195, 'Katrine', 'Murrigans', 'Fleming', '2021-03-09', 6, 29),
(196, 'Valene', 'Chalfant', 'Cowper', '2021-02-04', 9, 8),
(197, 'Mel', 'Brendish', 'Tredger', '2021-11-18', 9, 4),
(198, 'Mehetabel', 'Hingeley', 'Butterly', '2021-05-06', 9, 3),
(199, 'Sawyer', 'Waterson', 'Meace', '2021-10-19', 8, 6),
(200, 'Cissy', 'Hebard', 'Joselevitz', '2021-03-28', 2, 23);

-- --------------------------------------------------------

--
-- Estructura de tabla para la tabla `estacionamiento_aviones`
--

CREATE TABLE `estacionamiento_aviones` (
  `id_estacionamiento` int(11) NOT NULL,
  `id_avion` int(11) NOT NULL,
  `id_aeropuerto` int(11) NOT NULL
) ENGINE=InnoDB DEFAULT CHARSET=utf8mb4;

--
-- Volcado de datos para la tabla `estacionamiento_aviones`
--

INSERT INTO `estacionamiento_aviones` (`id_estacionamiento`, `id_avion`, `id_aeropuerto`) VALUES
(1, 1, 16),
(2, 2, 11),
(3, 3, 5),
(4, 4, 10),
(5, 5, 6),
(6, 6, 8),
(7, 7, 8),
(8, 8, 1),
(9, 9, 8),
(10, 10, 10),
(11, 11, 8),
(12, 12, 11),
(13, 13, 2),
(14, 14, 15),
(15, 15, 9),
(16, 16, 5);

-- --------------------------------------------------------

--
-- Estructura de tabla para la tabla `estacionamiento_pasajeros`
--

CREATE TABLE `estacionamiento_pasajeros` (
  `id_boleto` int(11) NOT NULL,
  `lugar_estacionamiento` varchar(4) NOT NULL,
  `ocupado` int(11) NOT NULL,
  `id_aeropuerto` int(11) NOT NULL
) ENGINE=InnoDB DEFAULT CHARSET=utf8mb4;

--
-- Volcado de datos para la tabla `estacionamiento_pasajeros`
--

INSERT INTO `estacionamiento_pasajeros` (`id_boleto`, `lugar_estacionamiento`, `ocupado`, `id_aeropuerto`) VALUES
(1, 'SP57', 1, 8),
(2, 'VF21', 1, 5),
(3, 'PC39', 1, 4),
(4, 'TD81', 0, 7),
(5, 'RH07', 0, 9),
(6, 'SP99', 0, 2),
(7, 'TS45', 0, 4),
(8, 'HV66', 0, 5),
(9, 'TZ87', 1, 1),
(10, 'II27', 1, 15),
(11, 'XW48', 0, 7),
(12, 'AY97', 0, 1),
(13, 'BF27', 0, 1),
(14, 'CJ74', 1, 13),
(15, 'MZ05', 1, 3),
(16, 'SL25', 1, 8),
(17, 'SG87', 1, 14),
(18, 'NX98', 1, 2),
(19, 'CQ44', 0, 5),
(20, 'QL02', 1, 11),
(21, 'UJ23', 1, 12),
(22, 'HH33', 0, 15),
(23, 'QQ58', 1, 6),
(24, 'NJ34', 0, 1),
(25, 'PI91', 0, 15),
(26, 'ZZ13', 1, 9),
(27, 'YN72', 1, 6),
(28, 'MB50', 1, 3),
(29, 'YG90', 0, 16),
(30, 'LV57', 1, 7),
(31, 'OG92', 0, 5),
(32, 'LP05', 1, 10),
(33, 'AE53', 1, 12),
(34, 'WL12', 1, 9),
(35, 'LN87', 0, 2),
(36, 'HR47', 0, 10),
(37, 'VU36', 1, 2),
(38, 'BT04', 0, 15),
(39, 'FD61', 0, 7),
(40, 'RL01', 0, 16),
(41, 'ZI73', 1, 12),
(42, 'TH34', 0, 10),
(43, 'AG52', 0, 14),
(44, 'XJ88', 1, 13),
(45, 'VE89', 0, 1),
(46, 'QQ33', 1, 12),
(47, 'VV79', 0, 4),
(48, 'PJ21', 1, 6),
(49, 'KL63', 0, 12),
(50, 'KB78', 0, 11),
(51, 'LP62', 0, 2),
(52, 'ME12', 1, 6),
(53, 'LE18', 1, 4),
(54, 'WP67', 1, 2),
(55, 'ZA51', 0, 14),
(56, 'TB19', 0, 3),
(57, 'UT98', 1, 11),
(58, 'TV13', 1, 9),
(59, 'YF37', 1, 9),
(60, 'UR70', 1, 13),
(61, 'SC23', 0, 13),
(62, 'ZW17', 1, 12),
(63, 'TY26', 1, 11),
(64, 'KD86', 0, 12),
(65, 'AR08', 0, 6),
(66, 'EA56', 0, 1),
(67, 'KJ39', 0, 5),
(68, 'EN07', 1, 16),
(69, 'OH65', 0, 5),
(70, 'CT93', 0, 10),
(71, 'XF98', 1, 5),
(72, 'VV23', 1, 13),
(73, 'UM96', 1, 9),
(74, 'DU05', 0, 8),
(75, 'TS59', 1, 11),
(76, 'QV77', 0, 14),
(77, 'BJ60', 0, 10),
(78, 'UZ95', 1, 5),
(79, 'GY69', 1, 7),
(80, 'WC97', 1, 3),
(81, 'BC89', 0, 14),
(82, 'HI40', 0, 3),
(83, 'CS36', 0, 8),
(84, 'XY90', 1, 8),
(85, 'NH95', 1, 14),
(86, 'BF72', 0, 9),
(87, 'SW05', 0, 7),
(88, 'WA13', 1, 11),
(89, 'MF33', 1, 10),
(90, 'LW67', 1, 8),
(91, 'UL59', 1, 12),
(92, 'NX69', 0, 15),
(93, 'QB13', 0, 11),
(94, 'ML91', 0, 11),
(95, 'OX75', 0, 3),
(96, 'OR73', 0, 8),
(97, 'HD62', 1, 9),
(98, 'ZN62', 0, 16),
(99, 'XD06', 1, 6),
(100, 'JC46', 1, 3),
(101, 'WM39', 1, 16),
(102, 'QR52', 0, 16),
(103, 'UT32', 1, 11),
(104, 'QE45', 0, 12),
(105, 'KX46', 0, 4),
(106, 'UN93', 0, 14),
(107, 'VG47', 1, 1),
(108, 'OF35', 0, 10),
(109, 'WH88', 1, 8),
(110, 'OY60', 0, 7),
(111, 'KF42', 0, 2),
(112, 'GY59', 0, 2),
(113, 'AP54', 1, 13),
(114, 'OU53', 1, 14),
(115, 'IW68', 0, 5),
(116, 'KR64', 0, 3),
(117, 'QY23', 1, 11),
(118, 'LX14', 0, 15),
(119, 'FH11', 1, 2),
(120, 'JD12', 1, 14),
(121, 'FD94', 1, 3),
(122, 'YQ21', 1, 5),
(123, 'KP62', 1, 2),
(124, 'BQ04', 0, 16),
(125, 'KV98', 0, 10),
(126, 'TM71', 1, 10),
(127, 'KE93', 1, 2),
(128, 'JY93', 1, 1),
(129, 'PH18', 0, 4),
(130, 'SH18', 0, 13),
(131, 'DG18', 0, 15),
(132, 'WD47', 0, 5),
(133, 'ER13', 1, 15),
(134, 'TY81', 0, 4),
(135, 'HJ67', 1, 15),
(136, 'EF74', 0, 16),
(137, 'DC42', 1, 1),
(138, 'ZO12', 0, 15),
(139, 'OK14', 1, 5),
(140, 'UB53', 1, 13),
(141, 'UR67', 1, 3),
(142, 'KQ82', 1, 10),
(143, 'BI67', 0, 9),
(144, 'VA29', 0, 11),
(145, 'BW97', 0, 5),
(146, 'IS30', 1, 11),
(147, 'SP09', 0, 9),
(148, 'WR69', 1, 1),
(149, 'GV06', 1, 4),
(150, 'LJ34', 0, 3),
(151, 'BX80', 1, 3),
(152, 'PD70', 0, 12),
(153, 'IZ23', 1, 1),
(154, 'UB88', 0, 6),
(155, 'NI33', 1, 2),
(156, 'TA07', 1, 1),
(157, 'ZO93', 0, 15),
(158, 'AB01', 1, 6),
(159, 'AG78', 0, 16),
(160, 'CV33', 1, 2),
(161, 'OM83', 0, 9),
(162, 'XY51', 0, 7),
(163, 'UM21', 0, 15),
(164, 'BY82', 0, 9),
(165, 'RK45', 1, 9),
(166, 'VG37', 0, 8),
(167, 'TX86', 1, 4),
(168, 'ZG19', 0, 10),
(169, 'ZB67', 1, 4),
(170, 'EO36', 0, 7),
(171, 'LM42', 0, 7),
(172, 'BM21', 0, 14),
(173, 'RA80', 1, 16),
(174, 'FX43', 1, 3),
(175, 'RZ38', 1, 6),
(176, 'FY40', 0, 1),
(177, 'DV24', 0, 3),
(178, 'EM35', 1, 13),
(179, 'RZ28', 0, 16),
(180, 'TE00', 1, 8),
(181, 'OC58', 0, 5),
(182, 'LO99', 0, 7),
(183, 'YS42', 0, 5),
(184, 'FZ22', 0, 10),
(185, 'XI64', 1, 4),
(186, 'PO20', 1, 9),
(187, 'HR86', 0, 8),
(188, 'VL17', 1, 9),
(189, 'IF97', 1, 6),
(190, 'RV66', 1, 13),
(191, 'KH18', 0, 15),
(192, 'AJ66', 0, 6),
(194, 'CC46', 0, 13);

--
-- Disparadores `estacionamiento_pasajeros`
--
DELIMITER $$
CREATE TRIGGER `bu_update` BEFORE UPDATE ON `estacionamiento_pasajeros` FOR EACH ROW if new.id_aeropuerto = 15 then
	set new.ocupado = 0;
end if
$$
DELIMITER ;

-- --------------------------------------------------------

--
-- Estructura de tabla para la tabla `hangares`
--

CREATE TABLE `hangares` (
  `id_hangar` int(11) NOT NULL,
  `nombre` varchar(60) NOT NULL,
  `capacidad` float NOT NULL,
  `id_aeropuerto` int(11) NOT NULL
) ENGINE=InnoDB DEFAULT CHARSET=utf8mb4;

--
-- Volcado de datos para la tabla `hangares`
--

INSERT INTO `hangares` (`id_hangar`, `nombre`, `capacidad`, `id_aeropuerto`) VALUES
(1, 'Barton LLC', 5, 1),
(2, 'Block and Sons', 6, 2),
(3, 'Bradtke, Mante and McClure', 3, 3),
(4, 'Corwin, Hansen and Fadel', 4, 4),
(5, 'Terry, Borer and Hackett', 8, 5),
(6, 'Wolf-Hauck', 5, 6),
(7, 'Russel-Armstrong', 7, 7),
(8, 'Douglas Inc', 3, 8),
(9, 'Fadel Inc', 1, 15),
(10, 'Boehm, Witting and O\'Keefe', 3, 9),
(11, 'Grant LLC', 4, 10),
(12, 'Nitzsche and Sons', 2, 11),
(13, 'Hartmann, Blanda and Dicki', 8, 12),
(14, 'O\'Hara, Reichert and Hartmann', 6, 13),
(15, 'White, Dibbert and Haag', 5, 14),
(16, 'Kuhic-Wolff', 6, 15),
(17, 'Kutch LLC', 1, 16);

-- --------------------------------------------------------

--
-- Estructura de tabla para la tabla `llegadas`
--

CREATE TABLE `llegadas` (
  `id_llegada` int(11) NOT NULL,
  `id_vuelo` int(11) NOT NULL,
  `fecha_estimada` datetime NOT NULL,
  `origen` varchar(100) NOT NULL,
  `id_pista` int(11) NOT NULL
) ENGINE=InnoDB DEFAULT CHARSET=utf8mb4;

--
-- Volcado de datos para la tabla `llegadas`
--

INSERT INTO `llegadas` (`id_llegada`, `id_vuelo`, `fecha_estimada`, `origen`, `id_pista`) VALUES
(1, 1, '2021-04-09 14:22:56', 'China', 24),
(2, 2, '2020-12-14 15:14:02', 'Albania', 31),
(3, 3, '2021-03-25 21:28:45', 'Indonesia', 13),
(4, 4, '2021-05-17 13:58:59', 'China', 17),
(5, 5, '2021-07-19 21:29:39', 'Indonesia', 32),
(6, 6, '2020-12-28 22:42:05', 'Poland', 26),
(7, 7, '2021-09-03 02:00:43', 'Brazil', 25),
(8, 8, '2021-03-11 23:06:39', 'Bosnia and Herzegovina', 12),
(9, 9, '2021-11-12 06:46:09', 'Finland', 10),
(10, 10, '2021-11-21 22:37:50', 'Russia', 18),
(11, 11, '2021-07-12 05:36:45', 'Palestinian Territory', 13),
(12, 12, '2021-11-04 11:02:42', 'South Africa', 24),
(13, 13, '2021-06-28 17:02:02', 'United States', 29),
(14, 14, '2020-12-27 03:25:28', 'China', 40),
(15, 15, '2020-12-30 16:43:10', 'China', 13),
(16, 16, '2021-02-12 08:03:11', 'China', 23),
(17, 17, '2021-07-24 01:29:19', 'Australia', 26),
(18, 18, '2021-04-03 01:37:26', 'United States', 16),
(19, 19, '2021-09-05 13:17:24', 'China', 1),
(20, 20, '2021-10-01 03:24:11', 'Indonesia', 8),
(21, 21, '2021-12-13 19:41:30', 'Mexico', 24),
(22, 22, '2021-04-24 21:52:02', 'Poland', 32),
(23, 23, '2020-12-15 06:08:04', 'Czech Republic', 27),
(24, 24, '2021-12-13 03:59:48', 'Serbia', 30),
(25, 25, '2021-03-24 23:34:36', 'Mauritius', 16),
(26, 26, '2021-11-26 08:12:59', 'Pakistan', 15),
(27, 27, '2021-05-27 11:18:16', 'Poland', 18),
(28, 28, '2021-03-10 03:51:13', 'Russia', 40),
(29, 29, '2021-08-11 22:36:24', 'Yemen', 10),
(30, 30, '2021-05-21 19:25:03', 'Portugal', 20),
(31, 31, '2021-03-19 02:19:55', 'China', 35),
(32, 32, '2021-11-09 13:53:09', 'China', 40),
(33, 33, '2021-04-07 17:14:24', 'Czech Republic', 3),
(34, 34, '2021-08-16 23:08:07', 'Philippines', 33),
(35, 35, '2021-03-01 22:51:22', 'Switzerland', 7),
(36, 36, '2021-01-10 19:35:24', 'Jordan', 27),
(37, 37, '2021-11-01 17:24:21', 'China', 32),
(38, 38, '2021-07-30 01:10:00', 'China', 39),
(39, 39, '2021-11-07 15:41:03', 'Ireland', 11),
(40, 40, '2021-03-09 05:05:45', 'Indonesia', 5);

--
-- Disparadores `llegadas`
--
DELIMITER $$
CREATE TRIGGER `bd_llegadas` BEFORE DELETE ON `llegadas` FOR EACH ROW begin 
		insert into llegadas_respaldos values(old.id_llegada,old.id_vuelo,old.fecha_estimada,old.origen,old.id_pista);
	end
$$
DELIMITER ;

-- --------------------------------------------------------

--
-- Estructura de tabla para la tabla `locales`
--

CREATE TABLE `locales` (
  `id_local` int(11) NOT NULL,
  `ubicacion` tinytext NOT NULL,
  `id_terminal` int(11) NOT NULL
) ENGINE=InnoDB DEFAULT CHARSET=utf8mb4;

--
-- Volcado de datos para la tabla `locales`
--

INSERT INTO `locales` (`id_local`, `ubicacion`, `id_terminal`) VALUES
(1, '6062 Dryden Plaza', 38),
(2, '3 2nd Terrace', 36),
(3, '075 Chive Hill', 7),
(4, '54 Lindbergh Terrace', 25),
(5, '6167 Village Hill', 12),
(6, '1 Dottie Street', 22),
(7, '8 8th Lane', 22),
(8, '3315 Acker Court', 4),
(9, '8587 Corben Pass', 32),
(10, '9148 Ronald Regan Avenue', 21),
(11, '3 Sheridan Park', 36),
(12, '7215 Arrowood Parkway', 27),
(13, '63 Surrey Street', 43),
(14, '914 Troy Road', 14),
(15, '4 Waubesa Alley', 33),
(16, '6455 New Castle Terrace', 45),
(17, '0543 Jay Pass', 44),
(18, '937 Prairie Rose Road', 4),
(19, '87 Mayfield Trail', 3),
(20, '4 Heffernan Circle', 48),
(21, '87066 Sage Avenue', 10),
(22, '114 Summerview Center', 34),
(23, '1294 Esker Trail', 29),
(24, '98304 Holmberg Circle', 42),
(25, '2139 Butterfield Pass', 24),
(26, '0709 Park Meadow Center', 45),
(27, '682 Bluestem Parkway', 36),
(28, '551 Crowley Place', 39),
(29, '10711 Grasskamp Lane', 39),
(30, '47 Schurz Street', 23),
(31, '91 Sycamore Street', 13),
(32, '7338 North Drive', 50),
(33, '5 Carioca Pass', 22),
(34, '1 Raven Crossing', 27),
(35, '05 Tomscot Hill', 10),
(36, '286 Northview Way', 14),
(37, '98 Kenwood Circle', 20),
(38, '7 Melrose Avenue', 20),
(39, '69770 Schmedeman Trail', 39),
(40, '39 Lighthouse Bay Center', 9);

-- --------------------------------------------------------

--
-- Estructura de tabla para la tabla `nacionalidades`
--

CREATE TABLE `nacionalidades` (
  `id_nacionalidad` int(11) NOT NULL,
  `nacionalidad` varchar(60) NOT NULL,
  `id_pais` int(11) NOT NULL
) ENGINE=InnoDB DEFAULT CHARSET=utf8mb4;

--
-- Volcado de datos para la tabla `nacionalidades`
--

INSERT INTO `nacionalidades` (`id_nacionalidad`, `nacionalidad`, `id_pais`) VALUES
(1, 'Peruano', 1),
(2, 'Frances', 2),
(3, 'Indonesio', 3),
(4, 'Filipino', 4),
(5, 'Brasileño', 5),
(6, 'Chino', 6),
(7, 'Polaco', 7),
(8, 'Americano', 8),
(9, 'Japones', 9),
(10, 'Mexicano', 10),
(11, 'Canadiense', 11);

-- --------------------------------------------------------

--
-- Estructura de tabla para la tabla `paises`
--

CREATE TABLE `paises` (
  `id_pais` int(11) NOT NULL,
  `nombre` varchar(50) NOT NULL,
  `iso_3` varchar(3) NOT NULL,
  `continente` varchar(20) NOT NULL
) ENGINE=InnoDB DEFAULT CHARSET=utf8mb4;

--
-- Volcado de datos para la tabla `paises`
--

INSERT INTO `paises` (`id_pais`, `nombre`, `iso_3`, `continente`) VALUES
(1, 'Peru', '189', 'America'),
(2, 'France', '655', 'Europe'),
(3, 'Indonesia', '638', 'Asia'),
(4, 'Philippines', '79', 'Asia'),
(5, 'Brazil', '916', 'America'),
(6, 'China', '289', 'Asia'),
(7, 'Poland', '594', 'Europe'),
(8, 'Estados Unidos', '141', 'America'),
(9, 'Japon', '123', 'Asia'),
(10, 'Mexico', '567', 'America'),
(11, 'Canada', '234', 'America');

-- --------------------------------------------------------

--
-- Estructura de tabla para la tabla `pasajeros`
--

CREATE TABLE `pasajeros` (
  `id_pasajero` int(11) NOT NULL,
  `nombre` varchar(50) NOT NULL,
  `ap_paterno` varchar(50) NOT NULL,
  `ap_materno` varchar(50) NOT NULL,
  `fecha` date NOT NULL,
  `sexo` varchar(10) NOT NULL
) ENGINE=InnoDB DEFAULT CHARSET=utf8mb4;

--
-- Volcado de datos para la tabla `pasajeros`
--

INSERT INTO `pasajeros` (`id_pasajero`, `nombre`, `ap_paterno`, `ap_materno`, `fecha`, `sexo`) VALUES
(1, 'Halsey', 'Darrel', 'Kew', '1993-08-01', 'H'),
(2, 'Rodolphe', 'Grandison', 'Lunnon', '1998-08-13', 'M'),
(3, 'Helga', 'Delap', 'Doulden', '1967-08-01', 'M'),
(4, 'Giordano', 'McDarmid', 'Whitsey', '1967-06-28', 'H'),
(5, 'Dall', 'Maris', 'Goggin', '2012-02-05', 'M'),
(6, 'Astrix', 'Prickett', 'Bensusan', '1974-09-04', 'H'),
(7, 'Burnaby', 'Exposito', 'Dobney', '2002-11-11', 'M'),
(8, 'Rafferty', 'Sugg', 'Oguz', '1974-06-26', 'M'),
(9, 'Franciskus', 'Feary', 'Meere', '1996-05-15', 'M'),
(10, 'Valerye', 'Nutkin', 'Cornejo', '2019-09-11', 'H'),
(11, 'Bernadine', 'Meininking', 'Arendsen', '2013-06-24', 'H'),
(12, 'Felice', 'Edelman', 'Ralls', '1988-11-15', 'H'),
(13, 'Hadlee', 'Scudders', 'Gonzalo', '1964-02-19', 'M'),
(14, 'Magnum', 'Longhorn', 'O\'Cahill', '2008-09-23', 'H'),
(15, 'Ange', 'Lorenzetto', 'Nelle', '1995-11-27', 'M'),
(16, 'Reeta', 'Rudland', 'Russon', '2014-12-13', 'M'),
(17, 'Silvester', 'Aubrun', 'Strass', '1951-07-19', 'M'),
(18, 'Lotti', 'Vedntyev', 'Kenefick', '1981-03-01', 'M'),
(19, 'Currie', 'Elfitt', 'Durward', '2018-07-22', 'H'),
(20, 'Greta', 'Harwick', 'Coulston', '1984-05-27', 'M'),
(21, 'Mathias', 'Casier', 'Stinson', '1978-05-09', 'H'),
(22, 'Roderick', 'Tchir', 'Parlour', '1986-12-17', 'M'),
(23, 'Frazier', 'Gianilli', 'Hans', '2018-10-21', 'M'),
(24, 'Hilda', 'Bisterfeld', 'Wixey', '1952-10-06', 'H'),
(25, 'Garrek', 'Shelbourne', 'Peyzer', '1971-12-29', 'H'),
(26, 'Adam', 'Felix', 'Berggren', '1996-07-06', 'H'),
(27, 'Mylo', 'Merrin', 'Ianelli', '2010-12-04', 'H'),
(28, 'Lishe', 'Pohls', 'Ancketill', '1965-01-26', 'H'),
(29, 'Marillin', 'Wrathmall', 'Hawney', '2000-11-05', 'M'),
(30, 'Trista', 'Vidgeon', 'Ellingham', '1972-05-05', 'M'),
(31, 'Northrop', 'Halfacree', 'Bernakiewicz', '1957-12-13', 'M'),
(32, 'Margie', 'Bedwell', 'Caroli', '1992-09-14', 'H'),
(33, 'Standford', 'Butchart', 'Buckney', '1967-09-26', 'H'),
(34, 'Kissiah', 'Zorzoni', 'Fee', '1957-07-13', 'H'),
(35, 'Hallsy', 'Jerson', 'Meredith', '1980-10-15', 'M'),
(36, 'Emmalynn', 'Osbourne', 'Caskey', '2006-11-15', 'H'),
(37, 'Alvira', 'Ofer', 'Geane', '2003-07-08', 'H'),
(38, 'Meade', 'Hrinchenko', 'Parkins', '1973-01-13', 'M'),
(39, 'Shell', 'Mosen', 'Carette', '2013-01-18', 'M'),
(40, 'Wright', 'Pook', 'Alpes', '1973-07-07', 'M'),
(41, 'Granville', 'Steuart', 'Dufour', '1952-11-19', 'H'),
(42, 'Lizette', 'D\'Ambrogi', 'Springate', '1998-06-26', 'M'),
(43, 'Meagan', 'Minchinton', 'Proom', '1967-01-22', 'M'),
(44, 'Elijah', 'Patel', 'Cokely', '1990-01-25', 'H'),
(45, 'Randolph', 'Pencott', 'Benallack', '2019-01-05', 'M'),
(46, 'Wood', 'Nairy', 'Kubczak', '1965-04-01', 'H'),
(47, 'Marie-jeanne', 'Birckmann', 'Coping', '1972-01-11', 'H'),
(48, 'Marget', 'Sproul', 'Hopewell', '1995-06-01', 'M'),
(49, 'Teena', 'Petty', 'Foyston', '1978-10-31', 'H'),
(50, 'Putnam', 'Rickword', 'Copelli', '1953-04-04', 'M'),
(51, 'Kristyn', 'Beale', 'Trevett', '2002-07-27', 'H'),
(52, 'Trixy', 'Edmans', 'Cearley', '1964-06-12', 'M'),
(53, 'Ogdan', 'Huffa', 'Disley', '1982-11-15', 'H'),
(54, 'Deni', 'Worvill', 'Paddy', '1984-01-17', 'H'),
(55, 'Cynthia', 'Secombe', 'Trussman', '1972-12-01', 'H'),
(56, 'Trixie', 'Croot', 'Giorio', '1991-11-04', 'M'),
(57, 'Benyamin', 'Durbin', 'Kelleher', '2003-10-21', 'H'),
(58, 'Karina', 'Chasteney', 'Gornall', '2006-06-13', 'M'),
(59, 'Colin', 'Fronczak', 'Losano', '1955-02-12', 'M'),
(60, 'Rosaleen', 'Reihm', 'Nekrews', '2018-02-28', 'M'),
(61, 'Tirrell', 'Klaggeman', 'Martinon', '1957-10-19', 'M'),
(62, 'Augy', 'Proswell', 'Swiggs', '1959-12-25', 'H'),
(63, 'Eloise', 'Ranns', 'Andreichik', '2006-02-28', 'H'),
(64, 'Geno', 'McLeman', 'Tomczykowski', '2001-09-24', 'M'),
(65, 'Cathrine', 'Hargrave', 'Kubalek', '1995-10-06', 'M'),
(66, 'Linn', 'Gerner', 'Pantone', '1986-07-12', 'H'),
(67, 'Orsola', 'Mesias', 'Nehlsen', '1976-12-11', 'M'),
(68, 'Olivero', 'Rowswell', 'Goodbur', '2009-09-02', 'M'),
(69, 'Cirilo', 'Husselbee', 'Boothroyd', '1957-03-01', 'H'),
(70, 'Carlyle', 'Simpkiss', 'Steaning', '1958-04-23', 'M'),
(71, 'Em', 'Mitchely', 'Stoner', '2003-10-29', 'H'),
(72, 'Myriam', 'Parell', 'Mc Queen', '1975-03-20', 'M'),
(73, 'Margaux', 'Whitfeld', 'Roddick', '1990-12-08', 'H'),
(74, 'Earvin', 'Ziehm', 'Woltering', '1988-05-16', 'H'),
(75, 'Agnesse', 'Loosley', 'Testro', '1997-05-14', 'M'),
(76, 'Alfy', 'O\'Scully', 'Grigson', '2008-07-13', 'M'),
(77, 'Darrel', 'Brazur', 'Leathers', '1968-01-09', 'H'),
(78, 'Natale', 'Stott', 'Boarer', '1972-03-23', 'M'),
(79, 'Danila', 'Lamasna', 'Eton', '1994-09-27', 'H'),
(80, 'Honor', 'Eles', 'Skule', '1957-09-30', 'M'),
(81, 'Hort', 'Yewdall', 'Ruske', '1962-11-25', 'M'),
(82, 'Delbert', 'Nozzolinii', 'Haster', '1969-09-30', 'M'),
(83, 'Fons', 'Lukes', 'Jouhning', '2011-05-05', 'H'),
(84, 'Arlee', 'Symondson', 'Petherick', '1964-06-03', 'H'),
(85, 'Tedman', 'McBain', 'Leinweber', '1987-01-29', 'M'),
(86, 'Rochelle', 'Derill', 'Beringer', '1977-04-02', 'M'),
(87, 'Emmott', 'Sheehy', 'Hundal', '2016-10-03', 'H'),
(88, 'Madelin', 'Menzies', 'Renahan', '2008-09-03', 'M'),
(89, 'Adelina', 'Teers', 'Burke', '2002-06-11', 'H'),
(90, 'Jermaine', 'Farnall', 'Devenny', '1971-02-15', 'M'),
(91, 'Keefer', 'Dawson', 'Ellen', '2005-02-04', 'M'),
(92, 'Tynan', 'Klimuk', 'Tolliday', '2013-09-10', 'M'),
(93, 'Vidovic', 'Benstead', 'Exell', '1964-01-02', 'H'),
(94, 'Trixie', 'Bultitude', 'Gooderson', '2000-04-25', 'H'),
(95, 'Virgie', 'Surgood', 'Brunet', '1999-02-03', 'M'),
(96, 'Faustine', 'Perren', 'Houseman', '1967-10-28', 'M'),
(97, 'Katharine', 'Lorkin', 'McGready', '1997-01-12', 'H'),
(98, 'Tracy', 'Bray', 'McLemon', '1970-06-18', 'M'),
(99, 'Arney', 'Ablewhite', 'Branche', '1988-02-13', 'M'),
(100, 'Mariann', 'Coldtart', 'Chalkly', '1971-10-14', 'H'),
(101, 'Brander', 'Drains', 'Mawhinney', '1972-07-23', 'M'),
(102, 'Edee', 'Minchindon', 'Paice', '2015-07-03', 'H'),
(103, 'Marquita', 'Brooks', 'Rhyme', '2004-07-26', 'M'),
(104, 'Rayner', 'Burtonshaw', 'Leamy', '1972-02-08', 'H'),
(105, 'Janina', 'Dobbin', 'Sobczak', '1992-10-09', 'M'),
(106, 'Brooke', 'Lages', 'Breagan', '1985-06-22', 'M'),
(107, 'Chilton', 'Andren', 'Van Der Hoog', '1974-11-19', 'M'),
(108, 'Margalo', 'Wellfare', 'Yoskowitz', '1980-12-22', 'H'),
(109, 'Gardiner', 'Lovel', 'Hollyer', '1989-06-10', 'H'),
(110, 'Gilberte', 'Butts', 'O\'Shirine', '1967-04-20', 'H'),
(111, 'Mannie', 'Vineall', 'Tankin', '2011-10-17', 'M'),
(112, 'Alleen', 'Amis', 'Jakoubec', '1953-09-27', 'H'),
(113, 'Clarita', 'Winwright', 'Downs', '1968-07-26', 'H'),
(114, 'Dniren', 'Challice', 'Tuison', '1990-06-27', 'H'),
(115, 'Radcliffe', 'Yanshonok', 'Edward', '2018-10-27', 'H'),
(116, 'Henka', 'Denholm', 'Hampe', '2019-06-18', 'H'),
(117, 'Francklyn', 'Hedgecock', 'Karleman', '1984-09-29', 'M'),
(118, 'Zak', 'Labrow', 'Slinger', '1983-07-04', 'M'),
(119, 'Flinn', 'Agnolo', 'Moreinis', '1952-10-20', 'H'),
(120, 'Georgiana', 'Rustidge', 'Morratt', '1985-12-20', 'M'),
(121, 'Ignatius', 'Weavill', 'Douberday', '1959-10-15', 'M'),
(122, 'Alyda', 'Jina', 'Verson', '2000-02-27', 'H'),
(123, 'Caresa', 'Domoni', 'Vint', '1966-05-10', 'M'),
(124, 'Zed', 'Anselmi', 'Pirdue', '1983-01-04', 'H'),
(125, 'Lynna', 'Tabb', 'Milborn', '1957-10-08', 'H'),
(126, 'Aeriela', 'Libbey', 'Lowry', '1985-07-01', 'M'),
(127, 'Alexandra', 'Ingraham', 'Robertshaw', '1985-06-30', 'H'),
(128, 'Scarface', 'Shark', 'Laxon', '1968-05-01', 'H'),
(129, 'Katina', 'Overstone', 'Colloby', '1966-11-06', 'M'),
(130, 'Barbie', 'Betho', 'Surgey', '2004-01-14', 'M'),
(131, 'Shanta', 'Duesbury', 'Dengel', '1998-09-19', 'H'),
(132, 'Sharyl', 'Larder', 'McGerr', '2014-07-08', 'H'),
(133, 'Charles', 'Warret', 'Gobert', '1967-09-30', 'H'),
(134, 'Doralin', 'Annes', 'Diwell', '1953-06-07', 'H'),
(135, 'Anson', 'Stoltz', 'Pridden', '1991-11-26', 'M'),
(136, 'Dillon', 'Ripsher', 'Robey', '1974-11-21', 'M'),
(137, 'Grove', 'Wadforth', 'Climar', '1972-02-14', 'M'),
(138, 'Alvira', 'Clac', 'Patron', '1973-10-23', 'M'),
(139, 'Gina', 'Kelledy', 'O\'Haire', '1970-02-02', 'H'),
(140, 'Margret', 'Landsborough', 'Carpmile', '1958-08-24', 'H'),
(141, 'Georgina', 'Lovett', 'Kinnon', '2016-03-25', 'H'),
(142, 'Kally', 'Rabbatts', 'Roels', '1992-10-07', 'H'),
(143, 'Malvin', 'Cesconi', 'Mustoo', '2012-05-20', 'M'),
(144, 'Raviv', 'Lukes', 'Foye', '2013-10-05', 'H'),
(145, 'Leila', 'Dolbey', 'Ison', '1984-11-10', 'H'),
(146, 'Tamera', 'Gascar', 'Tinsley', '2017-12-03', 'M'),
(147, 'Debi', 'Poate', 'De Nisco', '1965-08-19', 'M'),
(148, 'Reinwald', 'Symonds', 'Sonschein', '2017-10-16', 'M'),
(149, 'Laurena', 'Goldfinch', 'Girone', '1993-05-09', 'H'),
(150, 'Tammie', 'Jagielski', 'Stather', '1965-07-24', 'M'),
(151, 'Mace', 'Roswarn', 'Winders', '1952-09-28', 'M'),
(152, 'Emily', 'Marusic', 'Loach', '1961-10-21', 'M'),
(153, 'Katalin', 'Issett', 'Ottawell', '2014-11-29', 'M'),
(154, 'Gibbie', 'Mayward', 'Lidyard', '1989-08-20', 'H'),
(155, 'Wendye', 'Ratter', 'Whistlecroft', '2015-07-19', 'M'),
(156, 'Sherlocke', 'Beri', 'Newbold', '1964-04-28', 'M'),
(157, 'Lynette', 'Cogdon', 'Dell Casa', '1963-04-20', 'H'),
(158, 'Steven', 'Guiness', 'Prestidge', '1953-02-11', 'M'),
(159, 'Alexandr', 'Pigney', 'Orpyne', '2015-12-19', 'M'),
(160, 'Grantham', 'McVie', 'Wasmer', '2007-04-09', 'H'),
(161, 'Darb', 'Ciabatteri', 'Torbeck', '1969-11-24', 'H'),
(162, 'Richart', 'Laity', 'Toffolo', '2009-03-07', 'H'),
(163, 'Marcelo', 'Moffet', 'Matitiaho', '1956-06-04', 'M'),
(164, 'Jacklyn', 'Barkworth', 'Stolberg', '1965-02-06', 'H'),
(165, 'Zsazsa', 'Mashro', 'Woodsford', '2007-07-14', 'H'),
(166, 'Carlin', 'Boylan', 'Willers', '1991-09-02', 'M'),
(167, 'Paulita', 'Weild', 'Leonardi', '2015-09-15', 'M'),
(168, 'Sharla', 'Gillice', 'Idenden', '1995-03-20', 'H'),
(169, 'Stormi', 'Gislebert', 'Wolpert', '1989-03-18', 'M'),
(170, 'Abby', 'Bonhome', 'Royston', '1965-03-01', 'M'),
(171, 'Melba', 'Stivers', 'Hackelton', '1993-07-18', 'M'),
(172, 'Kit', 'Beazer', 'Rois', '1983-07-07', 'M'),
(173, 'Vitia', 'Wringe', 'Copner', '1991-04-21', 'H'),
(174, 'Berget', 'Itzchaky', 'Mapam', '1957-10-03', 'H'),
(175, 'Valera', 'Lardge', 'Harme', '1970-03-20', 'M'),
(176, 'Emiline', 'Dannett', 'Hurles', '2014-08-20', 'M'),
(177, 'Hedvig', 'Carass', 'Vatcher', '1980-09-12', 'M'),
(178, 'Dallas', 'Sazio', 'Rubica', '2008-01-21', 'M'),
(179, 'Bald', 'Chadbourne', 'Pitkins', '2016-02-21', 'M'),
(180, 'Thurstan', 'Winspare', 'Loan', '1989-01-15', 'H'),
(181, 'Gil', 'Mugglestone', 'Leroy', '1985-05-19', 'H'),
(182, 'Kathryne', 'Balsellie', 'Arbuckel', '2018-09-27', 'H'),
(183, 'Noby', 'Danielut', 'Leftridge', '1975-10-27', 'M'),
(184, 'Lilli', 'Prickett', 'Thalmann', '1977-09-08', 'M'),
(185, 'Julia', 'Jiranek', 'Hedgeman', '2011-02-09', 'H'),
(186, 'Greg', 'Lebreton', 'Westover', '1992-01-25', 'H'),
(187, 'Egor', 'Dankersley', 'Segot', '1983-01-14', 'H'),
(188, 'Isahella', 'Tours', 'Abdee', '1988-11-09', 'M'),
(189, 'Chiquia', 'Eusden', 'Lestor', '2004-06-15', 'M'),
(190, 'Sibeal', 'Henworth', 'Signorelli', '2012-08-10', 'M'),
(191, 'Jennica', 'Rassell', 'Portchmouth', '1964-10-14', 'M'),
(192, 'Tremaine', 'Wannan', 'Korda', '2010-04-16', 'M'),
(193, 'Renie', 'Lacer', 'Darlaston', '2004-02-27', 'H'),
(194, 'Con', 'Bockman', 'Hammerberg', '1973-07-19', 'H'),
(195, 'Tasia', 'Galbreth', 'Ravenscroftt', '1961-06-16', 'M'),
(196, 'Jerry', 'Cridland', 'Bennike', '1974-07-03', 'H'),
(197, 'Benjamin', 'Peinke', 'Lucien', '1955-03-04', 'H'),
(198, 'Roseanna', 'Bellchamber', 'Maling', '2013-06-17', 'M'),
(199, 'Analise', 'Scones', 'Elgram', '1989-10-26', 'M'),
(200, 'Mariquilla', 'Hendrikse', 'Assiter', '2015-02-25', 'H'),
(201, 'Ammamaria', 'Fishleigh', 'O\'Hartnett', '1969-10-20', 'H'),
(202, 'Fernando', 'Calbreath', 'Chasemoore', '1955-02-17', 'H'),
(203, 'Trevor', 'Basford', 'Szreter', '2018-04-05', 'H'),
(204, 'Anthiathia', 'Langtry', 'Richten', '1957-01-22', 'M'),
(205, 'Wainwright', 'Ducket', 'Carlton', '1970-03-23', 'M'),
(206, 'Cristabel', 'Stanners', 'Alfonsetti', '2004-05-13', 'H'),
(207, 'Sasha', 'Le Barre', 'Etty', '1954-04-16', 'M'),
(208, 'Lizzie', 'Ashingden', 'Sudell', '1965-02-01', 'H'),
(209, 'Natalina', 'MacQuarrie', 'Chavey', '2007-03-05', 'M'),
(210, 'Celene', 'Lelliott', 'Benadette', '2011-10-16', 'H'),
(211, 'Barclay', 'Claybourn', 'Axell', '1971-05-02', 'M'),
(212, 'Benni', 'Tybalt', 'Worsley', '1968-03-22', 'M'),
(213, 'Ingra', 'Longley', 'Finnemore', '1994-05-30', 'M'),
(214, 'Ichabod', 'Lisciandro', 'Jerzyk', '2019-02-27', 'H'),
(215, 'Sylas', 'Esome', 'Childers', '1996-08-23', 'H'),
(216, 'Kirsti', 'Dominico', 'Rentz', '2006-07-23', 'M'),
(217, 'Raynard', 'Lorie', 'Alliberton', '2018-05-02', 'M'),
(218, 'Grata', 'Marquiss', 'Bollard', '1976-02-03', 'M'),
(219, 'Helsa', 'Taig', 'Tomaini', '1969-08-30', 'H'),
(220, 'Roxine', 'Feltoe', 'Disbrey', '2015-10-28', 'M'),
(221, 'Marge', 'Swyn', 'Semiras', '1958-01-17', 'M'),
(222, 'Ciel', 'Barthot', 'Claricoats', '1990-11-07', 'H'),
(223, 'Amargo', 'Elsay', 'O\'Kenny', '1968-08-03', 'H'),
(224, 'Clyde', 'Munnings', 'Coffelt', '1966-11-19', 'M'),
(225, 'Constantine', 'Lokier', 'Kintzel', '1972-04-05', 'M'),
(226, 'Xenos', 'Cheshir', 'Riditch', '2014-12-11', 'H'),
(227, 'Carlie', 'Couve', 'Abramino', '1967-02-03', 'H'),
(228, 'Lorrin', 'Gianinotti', 'MacColl', '1991-01-25', 'H'),
(229, 'Juditha', 'Aarons', 'Relton', '1973-02-08', 'H'),
(230, 'Jessamyn', 'Piller', 'Boddymead', '1998-06-23', 'M'),
(231, 'Angelina', 'Leupold', 'Fidelli', '1983-08-20', 'H'),
(232, 'Thurstan', 'Greswell', 'Hallbird', '2007-03-04', 'H'),
(233, 'Anne-corinne', 'Hadden', 'Bowerman', '1995-02-26', 'H'),
(234, 'Danell', 'Abramowitz', 'Mixter', '2001-02-01', 'M'),
(235, 'Ralph', 'Nequest', 'Caps', '1981-10-06', 'H'),
(236, 'Danica', 'Ceccoli', 'Chasson', '2008-06-03', 'H'),
(237, 'Gawain', 'Porkiss', 'Adamson', '1991-05-17', 'M'),
(238, 'Pierrette', 'Skey', 'Slora', '1952-05-24', 'M'),
(239, 'Hadleigh', 'Vala', 'Elves', '1975-04-15', 'M'),
(240, 'Davy', 'Highway', 'Mea', '1976-03-07', 'H'),
(241, 'Mathew', 'Gronauer', 'Audas', '2018-10-25', 'M'),
(242, 'Shirlene', 'Halmkin', 'Skynner', '1975-02-27', 'H'),
(243, 'Maynard', 'Trynor', 'Bulfit', '1998-08-03', 'H'),
(244, 'Basilio', 'Brompton', 'Mabson', '1997-03-09', 'H'),
(245, 'Mattheus', 'Merrydew', 'Grandin', '1956-11-26', 'M'),
(246, 'Zsa zsa', 'Graeser', 'Signore', '1963-05-05', 'M'),
(247, 'Caril', 'Hanshawe', 'Grassot', '2007-08-24', 'H'),
(248, 'Binnie', 'Oldmeadow', 'Oughtright', '1963-08-20', 'M'),
(249, 'Tabbi', 'Glyne', 'Lavington', '2004-08-06', 'H'),
(250, 'Bambi', 'Canellas', 'Garrigan', '1973-05-20', 'M'),
(251, 'Spense', 'Greendale', 'Negus', '1987-03-31', 'H'),
(252, 'Lorelei', 'Hendriks', 'Taft', '1962-11-09', 'M'),
(253, 'Sharon', 'Lope', 'Prestage', '1996-09-24', 'M'),
(254, 'Raynard', 'Mair', 'Lavrick', '1955-02-24', 'M'),
(255, 'Brigit', 'Gocke', 'Knox', '1972-11-08', 'M'),
(256, 'Wade', 'Baber', 'O\'Driscole', '1984-03-06', 'M'),
(257, 'Ax', 'Derrett', 'Suckling', '1958-10-31', 'H'),
(258, 'Chickie', 'Lobe', 'Suatt', '2014-12-16', 'H'),
(259, 'Horatio', 'Woollam', 'MacKay', '2010-04-16', 'H'),
(260, 'Winthrop', 'Neissen', 'Lippett', '1975-09-28', 'H'),
(261, 'York', 'Cowderay', 'Vela', '1974-12-25', 'M'),
(262, 'Willamina', 'Smedmoor', 'Marcussen', '2013-04-01', 'M'),
(263, 'Olenolin', 'Wilcockes', 'Smithe', '1960-12-28', 'H'),
(264, 'Aylmar', 'Harmson', 'Howlin', '1971-01-30', 'H'),
(265, 'Kristien', 'Kimmince', 'Leak', '1967-02-18', 'M'),
(266, 'Lanny', 'Gregorowicz', 'Bull', '1964-04-16', 'M'),
(267, 'Ashia', 'Leaton', 'Nani', '1951-03-25', 'H'),
(268, 'Myrlene', 'Girsch', 'McHaffy', '1974-12-30', 'M'),
(269, 'Titos', 'Pettinger', 'Berriman', '1962-04-26', 'H'),
(270, 'Abagael', 'Rushbury', 'Ryding', '1990-03-27', 'H'),
(271, 'Caitlin', 'Winsper', 'Pawnsford', '1952-02-15', 'H'),
(272, 'Rochette', 'Duncanson', 'Harkes', '1963-09-30', 'M'),
(273, 'Selig', 'Lilian', 'Dishman', '1991-08-14', 'M'),
(274, 'Marlo', 'Frowing', 'Digger', '1952-03-28', 'H'),
(275, 'Peter', 'Salkeld', 'Ankers', '1961-10-12', 'M'),
(276, 'Arte', 'Lubbock', 'Coy', '1960-03-19', 'H'),
(277, 'Ody', 'Thomelin', 'Lantuff', '2009-07-12', 'H'),
(278, 'Eudora', 'Gundrey', 'Peakman', '2013-07-20', 'H'),
(279, 'Humbert', 'Illingworth', 'Rummins', '1953-06-20', 'M'),
(280, 'Eve', 'Forsaith', 'Laville', '1961-07-31', 'M'),
(281, 'Rhodie', 'Rathmell', 'Aldwinckle', '1988-02-01', 'M'),
(282, 'Gertrudis', 'Paniman', 'Blees', '1971-06-07', 'H'),
(283, 'Danila', 'Dyter', 'Espinet', '1951-12-02', 'H'),
(284, 'Gwenora', 'Gierhard', 'Buttrey', '2014-01-05', 'H'),
(285, 'Steffie', 'Callister', 'Hakes', '1989-12-31', 'M'),
(286, 'Ambros', 'Mullany', 'Dale', '2013-09-25', 'M'),
(287, 'Starlin', 'MacKnockiter', 'Celle', '2018-11-23', 'H'),
(288, 'Wyndham', 'Oleksinski', 'Reah', '2014-12-14', 'M'),
(289, 'Shae', 'Griswaite', 'Vedenichev', '1988-08-16', 'H'),
(290, 'Janenna', 'Abbado', 'Darton', '1963-01-27', 'H'),
(291, 'Torrin', 'Fairweather', 'Mollon', '2007-10-28', 'H'),
(292, 'Nolana', 'Puddle', 'Giscken', '1998-03-13', 'H'),
(293, 'Danny', 'Ace', 'Reaman', '2013-11-16', 'M'),
(294, 'Willa', 'Rotherforth', 'Itzkovwitch', '1986-10-27', 'M'),
(295, 'Evyn', 'Kardos', 'Sleney', '1967-01-10', 'H'),
(296, 'Sheffield', 'Meere', 'Milne', '1976-07-15', 'H'),
(297, 'Benjie', 'Taborre', 'Andrejevic', '1957-04-13', 'M'),
(298, 'Sammy', 'Cokly', 'Gurg', '1953-11-07', 'H'),
(299, 'Tamar', 'Gavrieli', 'Pikhno', '1997-10-11', 'M'),
(300, 'Aldridge', 'Ambrosetti', 'Gissop', '1995-08-25', 'H'),
(301, 'Nerta', 'Hanbidge', 'Fuke', '1969-02-15', 'M'),
(302, 'Mercy', 'Cradick', 'Bess', '1977-12-16', 'H'),
(303, 'Aylmar', 'Vlasyuk', 'Knighton', '2012-07-25', 'H'),
(304, 'Crista', 'Beauchamp', 'Martellini', '1965-11-21', 'H'),
(305, 'Nathanael', 'Simister', 'Feilden', '1959-06-19', 'M'),
(306, 'Alwyn', 'Humberston', 'McFetrich', '1959-01-10', 'H'),
(307, 'Jazmin', 'Kinkaid', 'Zuan', '1972-06-20', 'H'),
(308, 'Reube', 'Codron', 'Robun', '2003-11-21', 'M'),
(309, 'Homere', 'Burlay', 'Hagerty', '1963-08-30', 'M'),
(310, 'Alessandra', 'Thewys', 'Tregunnah', '1997-01-05', 'H'),
(311, 'Alley', 'Kirstein', 'Onthank', '1951-04-25', 'H'),
(312, 'Jase', 'Wisam', 'Pursey', '2000-12-11', 'M'),
(313, 'Loren', 'Jannaway', 'Villaron', '1983-08-06', 'M'),
(314, 'Randy', 'Hanbury-Brown', 'MacAughtrie', '1976-06-18', 'M'),
(315, 'Moshe', 'Saye', 'Lukas', '2015-02-14', 'H'),
(316, 'Dan', 'Forsdyke', 'Covill', '1971-03-12', 'M'),
(317, 'Seth', 'O\' Meara', 'Eglinton', '2018-04-11', 'H'),
(318, 'Royce', 'Brownfield', 'Tinn', '1983-10-09', 'H'),
(319, 'Elyn', 'Clipston', 'McTrustie', '2003-08-31', 'H'),
(320, 'Adrienne', 'Torre', 'Filipputti', '1983-10-20', 'M'),
(321, 'Harli', 'Batten', 'Muncaster', '1991-12-26', 'H'),
(322, 'Jada', 'Fittall', 'Van der Linde', '1969-08-08', 'H'),
(323, 'Eden', 'Cominotti', 'Brouncker', '1996-05-22', 'H'),
(324, 'Nikita', 'Hynson', 'Moss', '1988-02-17', 'H'),
(325, 'Adelle', 'Samarth', 'Ledram', '1971-05-27', 'H'),
(326, 'Egan', 'Frisch', 'Walkden', '1972-12-26', 'M'),
(327, 'Ryun', 'Camsey', 'Goldster', '1961-09-24', 'H'),
(328, 'Yasmeen', 'Keenlayside', 'Sein', '1991-04-07', 'M'),
(329, 'Joy', 'MacKellar', 'Hartzenberg', '2008-08-01', 'M'),
(330, 'Alaster', 'Leatherborrow', 'Astin', '1986-10-12', 'M'),
(331, 'Craig', 'MacAlpin', 'Cankett', '1993-07-21', 'M'),
(332, 'Marcelo', 'Khrishtafovich', 'Ranklin', '2007-07-25', 'H'),
(333, 'Windham', 'Devlin', 'Deyenhardt', '1984-10-10', 'M'),
(334, 'Barthel', 'Teasey', 'Wheldon', '1963-02-05', 'H'),
(335, 'Isabelita', 'Mosby', 'Levy', '2010-02-25', 'M'),
(336, 'Page', 'Garford', 'Darlaston', '2016-05-03', 'H'),
(337, 'Fanny', 'Menure', 'Armand', '2000-01-02', 'H'),
(338, 'Nicola', 'Middis', 'Doulden', '2009-01-13', 'H'),
(339, 'Maurene', 'Gumm', 'Frankling', '1975-10-25', 'M'),
(340, 'Archibaldo', 'Mudle', 'Stradling', '1978-03-20', 'H'),
(341, 'Aura', 'Goad', 'Braunle', '2019-06-21', 'H'),
(342, 'Margarethe', 'Draisey', 'Anthon', '1969-04-30', 'M'),
(343, 'Keri', 'Aizikovitch', 'Bullers', '1953-11-02', 'M'),
(344, 'Sasha', 'Jiranek', 'Roelvink', '1998-07-03', 'M'),
(345, 'Domenico', 'Dady', 'Jahnke', '1952-10-22', 'M'),
(346, 'Iorgo', 'Wrightem', 'Dunseath', '1976-11-17', 'M'),
(347, 'Neville', 'Whaley', 'Schollar', '2013-03-15', 'M'),
(348, 'Andrea', 'O\'Hegertie', 'Baddeley', '2011-01-27', 'M'),
(349, 'Broddy', 'Jossum', 'McNeillie', '1993-09-17', 'H'),
(350, 'Kirby', 'Corstorphine', 'Du Fray', '2014-06-26', 'H'),
(351, 'Jyoti', 'Bunyard', 'Whellans', '1981-04-30', 'M'),
(352, 'Kesley', 'Aslam', 'Hyslop', '1985-08-03', 'H'),
(353, 'Charleen', 'Wehden', 'Massinger', '2009-03-17', 'M'),
(354, 'Kiley', 'Peschke', 'Tombling', '1975-10-13', 'M'),
(355, 'Louella', 'Wiltshier', 'Iglesias', '1966-03-30', 'M'),
(356, 'Griffy', 'Grinvalds', 'Willoughby', '1981-10-28', 'M'),
(357, 'Loraine', 'Kuzma', 'Lorkin', '1972-11-17', 'M'),
(358, 'Jeni', 'Jenking', 'Djokovic', '1970-08-02', 'H'),
(359, 'Gunar', 'Manifould', 'Leale', '2009-10-04', 'M'),
(360, 'Rockie', 'Cauley', 'Heffernan', '1966-09-09', 'M'),
(361, 'Amelia', 'Signe', 'Tellenbroker', '1971-12-06', 'M'),
(362, 'Enrica', 'Kalkhoven', 'Poynzer', '1992-01-26', 'H'),
(363, 'Bearnard', 'Simester', 'Ormes', '1967-12-24', 'M'),
(364, 'Trumann', 'Driffe', 'Mundee', '2001-10-12', 'M'),
(365, 'Jaquith', 'Stubbeley', 'Bleue', '1963-08-09', 'H'),
(366, 'Ignazio', 'Mourbey', 'Freestone', '1968-11-12', 'H'),
(367, 'Madelaine', 'Kiddle', 'Atger', '1955-09-19', 'H'),
(368, 'Muffin', 'Gwin', 'Carbett', '1962-08-31', 'H'),
(369, 'Fulton', 'Lassey', 'Goodlett', '1968-02-21', 'H'),
(370, 'Allegra', 'Jaquemar', 'Sturror', '1962-08-12', 'M'),
(371, 'Cooper', 'Beidebeke', 'Gannaway', '2000-10-27', 'M'),
(372, 'Jacquenette', 'Karlolczak', 'Arson', '1962-05-07', 'M'),
(373, 'Gustie', 'Layson', 'O\'Kuddyhy', '1982-12-27', 'M'),
(374, 'Trstram', 'Mathie', 'Caves', '1969-12-30', 'H'),
(375, 'Roth', 'Rapper', 'Bartolommeo', '1957-08-14', 'H'),
(376, 'Pietro', 'Iuorio', 'Shreeve', '2003-05-09', 'H'),
(377, 'Sascha', 'Strothers', 'Filtness', '2015-12-16', 'M'),
(378, 'Chevy', 'Gatcliff', 'Secrett', '1984-03-17', 'M'),
(379, 'Amelita', 'Goodwill', 'Embury', '2000-07-17', 'M'),
(380, 'Guillema', 'Cerro', 'Kapelhof', '1984-05-03', 'H'),
(381, 'Francine', 'Dullard', 'Waterhouse', '1967-08-27', 'H'),
(382, 'Kalindi', 'Le Bosse', 'Shutle', '2018-12-08', 'M'),
(383, 'Dermot', 'McCarlie', 'Sedman', '1974-08-07', 'H'),
(384, 'Bernie', 'McRannell', 'Thebe', '1986-01-13', 'H'),
(385, 'Craig', 'Joll', 'Cramb', '1983-08-31', 'M'),
(386, 'Ware', 'McBratney', 'Goody', '2011-05-18', 'H'),
(387, 'Pascale', 'Melmar', 'Kynton', '1972-10-14', 'M'),
(388, 'Gwendolyn', 'Shearme', 'Cockburn', '1968-12-27', 'H'),
(389, 'Ailis', 'Onion', 'Ruse', '2016-08-22', 'H'),
(390, 'Claudetta', 'Levin', 'Jeffes', '1964-05-06', 'H'),
(391, 'Danell', 'Sidary', 'Kipping', '1958-06-30', 'M'),
(392, 'Hertha', 'Joseland', 'Strethill', '1992-08-17', 'H'),
(393, 'Miranda', 'Marfe', 'Roan', '1975-10-31', 'H'),
(394, 'Kippie', 'Beckey', 'Pereira', '1977-07-28', 'H'),
(395, 'Mary', 'Licciardiello', 'Bloxsum', '2019-09-20', 'H'),
(396, 'Vergil', 'Hassard', 'Pogg', '2016-06-20', 'H'),
(397, 'Ted', 'Cosson', 'Brushneen', '1993-05-27', 'H'),
(398, 'Mortie', 'Cleminson', 'Rustidge', '1982-10-25', 'H'),
(399, 'Paola', 'Pardie', 'Yourell', '2007-08-03', 'M'),
(400, 'Andrea', 'Mannock', 'Grundell', '1997-01-24', 'M'),
(401, 'Friederike', 'Filyaev', 'Godmar', '1991-07-31', 'H'),
(402, 'Deni', 'MacArthur', 'Hutchens', '2014-08-22', 'M'),
(403, 'Jamey', 'Benedetti', 'De Caroli', '1954-10-03', 'M'),
(404, 'Valenka', 'Pulhoster', 'Buzine', '1962-02-22', 'H'),
(405, 'Sibley', 'Langcaster', 'Martineau', '1961-11-02', 'H'),
(406, 'Terrell', 'Knudsen', 'Daoust', '1987-10-28', 'M'),
(407, 'Inger', 'Eccles', 'Appleyard', '1969-10-26', 'H'),
(408, 'Stu', 'Cotman', 'Cannon', '1958-10-08', 'M'),
(409, 'Win', 'Stubbings', 'Dunguy', '1975-10-09', 'H'),
(410, 'Peg', 'Vanyukov', 'Pawlick', '1977-12-05', 'H'),
(411, 'Eda', 'Cantopher', 'Irvine', '2015-04-03', 'H'),
(412, 'Mari', 'Lamplugh', 'Ell', '1961-02-01', 'H'),
(413, 'Dede', 'Burnand', 'Lippo', '1990-05-24', 'H'),
(414, 'Tina', 'Roiz', 'Renbold', '1981-10-01', 'H'),
(415, 'Mathe', 'Reely', 'Wiley', '1954-06-26', 'M'),
(416, 'Astra', 'Klimaszewski', 'Bayfield', '1961-09-16', 'H'),
(417, 'Flinn', 'Ofer', 'Fortey', '1995-11-16', 'M'),
(418, 'Leticia', 'Chetwind', 'Wordington', '1982-03-29', 'M'),
(419, 'Cherri', 'Vellden', 'Regardsoe', '1986-11-12', 'H'),
(420, 'Iona', 'Leith', 'McParland', '2017-11-05', 'H'),
(421, 'Adelind', 'Scotford', 'Zoppie', '1964-03-25', 'H'),
(422, 'Teador', 'Kick', 'Obee', '1985-02-10', 'H'),
(423, 'Jasun', 'Prater', 'Kempstone', '2014-12-22', 'H'),
(424, 'Anselma', 'McCullen', 'Moakler', '1980-09-01', 'M'),
(425, 'Mahalia', 'Chaundy', 'McRill', '1999-09-05', 'H'),
(426, 'Alisa', 'Ellph', 'Bartens', '1963-11-18', 'H'),
(427, 'Raynell', 'Mattheeuw', 'Faltin', '2014-08-14', 'H'),
(428, 'Chantal', 'Parminter', 'Dodgshon', '1987-04-30', 'H'),
(429, 'Clywd', 'Streatfeild', 'Yerborn', '2007-06-28', 'M'),
(430, 'Rickie', 'Caroline', 'Sheere', '2013-08-07', 'M'),
(431, 'Orin', 'Soppeth', 'Forsdicke', '2003-05-26', 'H'),
(432, 'Davey', 'Hardwidge', 'Keningham', '1959-12-30', 'M'),
(433, 'Mirelle', 'Leynagh', 'Pie', '2019-09-19', 'H'),
(434, 'Maia', 'Andrusyak', 'Pickworth', '1993-09-11', 'H'),
(435, 'Cody', 'Shoutt', 'Claussen', '1976-04-23', 'M'),
(436, 'Ede', 'Gainforth', 'Briggs', '2014-02-27', 'M'),
(437, 'Harwell', 'Altree', 'Coleshill', '1981-11-22', 'M'),
(438, 'Terence', 'Verrechia', 'Peacey', '1973-04-03', 'H'),
(439, 'Josy', 'Zeal', 'Gilhooley', '1999-08-12', 'M'),
(440, 'Gustaf', 'Piotr', 'Honacker', '2008-09-14', 'M'),
(441, 'Elicia', 'Greenstock', 'Moyler', '1995-03-13', 'H'),
(442, 'Alyce', 'Dowdall', 'Bruckstein', '1987-01-15', 'H'),
(443, 'Patti', 'Hamel', 'Drohun', '1998-07-17', 'M'),
(444, 'Ulrick', 'Nore', 'Panichelli', '2007-12-13', 'M'),
(445, 'Adelind', 'Avraham', 'Kirkwood', '1969-09-12', 'H'),
(446, 'Krishnah', 'Vuitte', 'Cardero', '1966-05-12', 'H'),
(447, 'Teodor', 'Hirth', 'Priddle', '1969-04-27', 'M'),
(448, 'Kenneth', 'Naulty', 'Akid', '1961-06-18', 'H'),
(449, 'Gustie', 'Igglesden', 'Bollis', '1985-10-13', 'M'),
(450, 'Kippie', 'Djekic', 'Tixall', '1953-12-16', 'M'),
(451, 'Carmina', 'Lumber', 'Golder', '1960-03-24', 'M'),
(452, 'Neil', 'Morena', 'Gerdes', '1952-06-25', 'H'),
(453, 'Stewart', 'Flintoft', 'Beaty', '1965-03-01', 'H'),
(454, 'Lyndsie', 'Hannent', 'Backshall', '2012-06-15', 'M'),
(455, 'Garry', 'Fitch', 'Radki', '1966-07-09', 'H'),
(456, 'Alvin', 'Gazey', 'Ormshaw', '1957-01-14', 'H'),
(457, 'Elisa', 'Hughill', 'MacCahey', '2012-09-30', 'H'),
(458, 'Ward', 'Leyes', 'Hunter', '1996-11-25', 'H'),
(459, 'Matias', 'Beagles', 'Ducarel', '1981-11-11', 'H'),
(460, 'Rooney', 'Vashchenko', 'Trevna', '2006-10-07', 'M'),
(461, 'Tito', 'Fargie', 'Molian', '1952-03-26', 'M'),
(462, 'Loy', 'Menci', 'Blight', '1957-07-27', 'M'),
(463, 'Shamus', 'Boatswain', 'Lenahan', '2001-09-02', 'M'),
(464, 'Jeanie', 'Bricham', 'Adamoli', '2019-01-15', 'M'),
(465, 'Emalia', 'O\'Hollegan', 'Brito', '1972-04-20', 'M'),
(466, 'Kennith', 'Gladden', 'Grimbleby', '1995-09-22', 'H'),
(467, 'Vlad', 'Illiston', 'Burnsell', '1994-09-21', 'M'),
(468, 'Bernadine', 'Rontree', 'Di Biaggi', '2017-11-17', 'M'),
(469, 'Arturo', 'Dudden', 'Walsh', '2009-11-07', 'H'),
(470, 'Cher', 'Clinnick', 'Dionis', '1986-04-04', 'M'),
(471, 'Elie', 'Baudins', 'Roze', '2005-07-30', 'M'),
(472, 'Sancho', 'Sotheby', 'Hendricks', '1997-12-29', 'M'),
(473, 'Cyrill', 'Gullick', 'Demko', '1994-08-16', 'M'),
(474, 'Harmonie', 'Kohnert', 'Gates', '1966-07-05', 'H'),
(475, 'Halsey', 'Jados', 'Deddum', '1998-06-06', 'M'),
(476, 'Prisca', 'Addekin', 'Kenen', '1997-03-11', 'M'),
(477, 'Barbabas', 'Reburn', 'Jee', '1968-11-25', 'M'),
(478, 'Marv', 'Carwithen', 'Giovannoni', '1969-08-19', 'H'),
(479, 'Scarface', 'Palfreman', 'Janoch', '2019-03-06', 'M'),
(480, 'Vlad', 'Baelde', 'Esilmon', '1984-08-17', 'M'),
(481, 'Lawrence', 'Esilmon', 'Joel', '2013-08-31', 'M'),
(482, 'Barbe', 'Arstingall', 'Verissimo', '1998-01-11', 'M'),
(483, 'Bord', 'Fairpo', 'Eadmeads', '1953-03-21', 'M'),
(484, 'Martainn', 'Leglise', 'Furniss', '1982-05-09', 'H'),
(485, 'Lewes', 'Phippard', 'Snowball', '1970-02-03', 'M'),
(486, 'Felice', 'Crann', 'Syncke', '2010-07-08', 'M'),
(487, 'Wes', 'Wildblood', 'Mapledorum', '2001-01-27', 'H'),
(488, 'Randall', 'Curphey', 'Ruthven', '1959-10-01', 'M'),
(489, 'Baxter', 'Drinkall', 'Heintze', '1962-08-03', 'M'),
(490, 'Gleda', 'Bumpus', 'Farfull', '2001-11-22', 'M'),
(491, 'Ashlin', 'Trevaskus', 'Mergue', '1965-09-21', 'H'),
(492, 'Mariette', 'Rawlin', 'Hevner', '1956-09-23', 'H'),
(493, 'Sonnnie', 'Heersma', 'Brett', '2010-06-15', 'M'),
(494, 'Delaney', 'Mynett', 'Ghiron', '2010-12-30', 'M'),
(495, 'Alfi', 'Desorts', 'Jarrelt', '2008-05-21', 'H'),
(496, 'Allianora', 'Reglar', 'Shrubshall', '1974-12-25', 'H'),
(497, 'Claretta', 'Forrest', 'Daniele', '1951-08-31', 'M'),
(498, 'Sallie', 'Seagar', 'Mannock', '1961-08-23', 'H'),
(499, 'Alfons', 'Cottom', 'Oswick', '1955-01-04', 'H'),
(500, 'Jolynn', 'Olohan', 'Volette', '1988-03-23', 'H'),
(501, 'Rowland', 'Sunnex', 'Filipowicz', '1967-03-14', 'M'),
(502, 'Baxy', 'Harkes', 'Charlton', '2008-05-27', 'H'),
(503, 'Ines', 'Woloschin', 'Bourdel', '1951-01-22', 'H'),
(504, 'Lief', 'Spelman', 'Phipps', '2012-05-22', 'H'),
(505, 'Lyndsay', 'Leathwood', 'Zecchi', '2000-03-30', 'H'),
(506, 'Bea', 'Jaukovic', 'Murtimer', '1983-06-02', 'M'),
(507, 'Rupert', 'Wellbeloved', 'Fiddyment', '2012-03-21', 'M'),
(508, 'Oona', 'McMeanma', 'Martinez', '1964-12-23', 'H'),
(509, 'Riordan', 'Loxley', 'Dain', '1973-05-20', 'H'),
(510, 'Reg', 'Bauckham', 'Kubica', '1999-07-14', 'M'),
(511, 'Caitrin', 'Ryrie', 'Dinsale', '1990-07-23', 'H'),
(512, 'Klara', 'Bullcock', 'Elldred', '1987-11-03', 'M'),
(513, 'Duky', 'Delamere', 'Hugonnet', '2004-12-31', 'H'),
(514, 'Iain', 'Doram', 'Hartles', '1973-09-10', 'M'),
(515, 'Harrie', 'Heasman', 'Byres', '1997-03-04', 'M'),
(516, 'Sarajane', 'Skells', 'Skelbeck', '1952-02-21', 'H'),
(517, 'Odie', 'Petrescu', 'Kelleher', '2006-06-20', 'H'),
(518, 'Marni', 'Athowe', 'Basnall', '1952-08-22', 'H'),
(519, 'Carce', 'Gueste', 'Bonnette', '1962-04-24', 'H'),
(520, 'Fifi', 'Stonham', 'Kerne', '2013-06-26', 'M'),
(521, 'Row', 'O\'Henery', 'Prettyjohn', '1959-10-19', 'H'),
(522, 'Serge', 'Yakhin', 'Withnall', '2002-09-07', 'M'),
(523, 'Reinold', 'Angless', 'Condie', '1993-01-10', 'H'),
(524, 'Cinda', 'Dabner', 'Casetta', '1984-10-31', 'M'),
(525, 'Elliott', 'Robart', 'Vandenhoff', '1968-08-30', 'H'),
(526, 'Ollie', 'Muscroft', 'Barrasse', '2004-05-31', 'M'),
(527, 'Drusie', 'Baurerich', 'Ziemens', '1964-08-07', 'H'),
(528, 'Deerdre', 'Moan', 'Entres', '1951-06-10', 'H'),
(529, 'Franciska', 'Kirkham', 'Mintoff', '1951-06-07', 'H'),
(530, 'Fonz', 'Amiable', 'Harman', '1994-09-30', 'M'),
(531, 'Rouvin', 'Capstake', 'Ridoutt', '1962-01-29', 'M'),
(532, 'Lianna', 'Le Page', 'Ioannou', '1954-08-22', 'M'),
(533, 'Angeli', 'Cristofaro', 'Minci', '2012-07-26', 'H'),
(534, 'Analise', 'Collyer', 'Mossom', '1969-01-21', 'M'),
(535, 'Joyce', 'Beccera', 'Beare', '1958-01-29', 'M'),
(536, 'Chandal', 'McGettigan', 'Dorricott', '2000-08-31', 'M'),
(537, 'Dean', 'Goodsir', 'Everil', '2007-09-24', 'H'),
(538, 'Estel', 'Passie', 'Barthrop', '1987-11-07', 'H'),
(539, 'Victor', 'Toffoloni', 'McElvine', '1996-10-06', 'M'),
(540, 'Audra', 'Philippault', 'Deeny', '1976-08-15', 'M'),
(541, 'Emmie', 'Bonus', 'Feighney', '1986-01-26', 'H'),
(542, 'Lisa', 'Domelaw', 'Pellew', '2010-08-30', 'H'),
(543, 'Nicolle', 'Halahan', 'Shillom', '1952-12-20', 'H'),
(544, 'Kaitlynn', 'Cummins', 'Jozaitis', '1973-12-16', 'M'),
(545, 'Marnia', 'Boydon', 'Giacomozzo', '1968-06-12', 'H'),
(546, 'Sibeal', 'Kimbling', 'Ruslin', '1964-01-01', 'M'),
(547, 'Irving', 'Tidd', 'Cudbertson', '2017-04-28', 'M'),
(548, 'Tracee', 'Witz', 'Leverson', '1967-07-18', 'H'),
(549, 'Natividad', 'Gulston', 'De Simoni', '1996-07-11', 'M'),
(550, 'Renata', 'Legging', 'Okey', '2002-08-14', 'M'),
(551, 'Vaclav', 'Fiennes', 'Ullrich', '1952-04-03', 'H'),
(552, 'Janessa', 'Pittet', 'Skeen', '1961-02-09', 'M'),
(553, 'Dill', 'Wimms', 'Linnell', '1998-08-25', 'M'),
(554, 'Brnaba', 'Clapp', 'Pengilly', '1965-10-30', 'M'),
(555, 'Benny', 'Edeler', 'Wyldbore', '2012-11-26', 'H'),
(556, 'Clarisse', 'Beveredge', 'Umney', '1967-01-30', 'H'),
(557, 'Jeramey', 'Joska', 'McGiff', '1963-04-16', 'H'),
(558, 'Audry', 'Stileman', 'Cripps', '1999-09-06', 'H'),
(559, 'Tracie', 'Macconaghy', 'McCord', '2004-06-28', 'H'),
(560, 'Aurea', 'MacCollom', 'Blanch', '1976-11-06', 'M'),
(561, 'Joachim', 'Gulberg', 'Alexandrou', '1977-07-03', 'M'),
(562, 'Ambrosius', 'Barizeret', 'Easter', '1987-04-28', 'M'),
(563, 'Erasmus', 'Ausiello', 'Sherman', '1964-02-03', 'H'),
(564, 'Chuck', 'Erswell', 'Romagosa', '1976-05-04', 'H'),
(565, 'Bartholomew', 'Newby', 'Gorrissen', '2002-08-25', 'H'),
(566, 'Gaspard', 'Episcopio', 'Simka', '2005-12-08', 'M'),
(567, 'Alla', 'Casino', 'Hartzogs', '1996-06-02', 'M'),
(568, 'Shirlee', 'Loosley', 'Rickeard', '1982-09-16', 'H'),
(569, 'Milo', 'Ansteys', 'Nicklen', '1960-02-20', 'H'),
(570, 'Stavro', 'Kiernan', 'Joselevitz', '2003-04-11', 'H'),
(571, 'Jenifer', 'Redley', 'Gomme', '2018-02-01', 'M'),
(572, 'Darda', 'Archambault', 'Wotton', '2017-11-11', 'M'),
(573, 'Lin', 'Faulkner', 'Jeynes', '1999-02-07', 'H'),
(574, 'Cornall', 'Peschka', 'Francesc', '1995-08-30', 'H'),
(575, 'Lief', 'Chessel', 'Burgoine', '2018-10-07', 'H'),
(576, 'Min', 'Blakeway', 'Setchfield', '2019-11-08', 'M'),
(577, 'Farlee', 'Vears', 'Tesoe', '2007-09-18', 'H'),
(578, 'Fallon', 'Castellone', 'Mowne', '2019-01-17', 'M'),
(579, 'Teddie', 'Mussilli', 'Hebble', '1969-09-17', 'M'),
(580, 'Latisha', 'MacDaid', 'Carlo', '1976-08-14', 'H'),
(581, 'Martina', 'Turtle', 'Gee', '2017-12-20', 'M'),
(582, 'Dion', 'Kynton', 'Kleine', '1988-09-21', 'M'),
(583, 'Rockwell', 'Stace', 'Laviss', '1993-09-05', 'M'),
(584, 'Gan', 'Farney', 'Rohan', '2003-08-31', 'H'),
(585, 'Clemente', 'Ors', 'Bannerman', '1962-07-17', 'H'),
(586, 'Neila', 'Lambden', 'Josselson', '1981-01-22', 'M'),
(587, 'Garrick', 'Veldstra', 'Wort', '2015-11-04', 'M'),
(588, 'Artie', 'Houchin', 'Worlidge', '1980-06-12', 'M'),
(589, 'Roxi', 'Succamore', 'Jahn', '1960-06-15', 'H'),
(590, 'Goldia', 'Orhtmann', 'Samwell', '1973-08-05', 'H'),
(591, 'Milzie', 'Kells', 'Calderon', '1966-11-20', 'H'),
(592, 'Sullivan', 'Coggan', 'Semiras', '1988-10-22', 'M'),
(593, 'Antonino', 'Dowsey', 'Waddams', '1971-07-17', 'M'),
(594, 'Kendricks', 'Colbert', 'Plaskett', '1963-11-02', 'M'),
(595, 'Danya', 'Atthow', 'Hendrickx', '1961-11-12', 'M'),
(596, 'Elbert', 'Hazel', 'Stallen', '1956-11-03', 'M'),
(597, 'Karole', 'Upex', 'McDade', '1954-01-22', 'H'),
(598, 'Allen', 'Imlen', 'Kennerley', '2011-09-03', 'M'),
(599, 'Orsola', 'Kiddy', 'Redholls', '1977-11-26', 'M'),
(600, 'Kimmy', 'Gounel', 'Chittey', '1990-11-25', 'M'),
(601, 'Shayla', 'Bartzen', 'Chatenet', '1994-07-16', 'M'),
(602, 'Ardys', 'Becerra', 'Broose', '1951-06-05', 'M'),
(603, 'Zackariah', 'Wolfart', 'Tillot', '1996-04-06', 'H'),
(604, 'Sabrina', 'Burdass', 'Gerin', '2007-06-04', 'M'),
(605, 'Kenton', 'Maughan', 'Lalor', '1973-03-30', 'M'),
(606, 'Sephira', 'Seabrocke', 'Wakeley', '1986-09-26', 'H'),
(607, 'Flori', 'Rizzini', 'Arent', '1969-11-16', 'H'),
(608, 'Lewie', 'Kitchenside', 'Acock', '1978-07-17', 'H'),
(609, 'Roseanna', 'Schieferstein', 'Kisbee', '2010-10-27', 'H'),
(610, 'Jacintha', 'Dansie', 'Hyndson', '1977-02-03', 'M'),
(611, 'Jan', 'Asman', 'Konzel', '1984-10-19', 'H'),
(612, 'Abner', 'Buey', 'Suggitt', '1995-08-27', 'H'),
(613, 'Gilberte', 'Llewhellin', 'Minchella', '1999-09-19', 'H'),
(614, 'Bar', 'Greening', 'Vize', '1961-04-04', 'H'),
(615, 'Tova', 'Ewestace', 'Sugars', '1996-07-15', 'M'),
(616, 'Cullen', 'Gilbeart', 'Pyzer', '1999-06-25', 'M'),
(617, 'Dorris', 'Whyley', 'Hainey`', '1962-10-17', 'M'),
(618, 'Barry', 'Omond', 'Lound', '1974-04-13', 'H'),
(619, 'Salim', 'Andryszczak', 'Edginton', '1989-09-30', 'H'),
(620, 'Andriana', 'Osbourne', 'Stiff', '2001-01-22', 'M'),
(621, 'Patrizio', 'Pelchat', 'Beaushaw', '1992-09-15', 'H'),
(622, 'Waldo', 'Crumby', 'Boorman', '1967-01-01', 'H'),
(623, 'Linell', 'MacFarlan', 'Siemianowicz', '1951-10-31', 'H'),
(624, 'Vidovic', 'Godson', 'Woolfenden', '1962-11-12', 'M'),
(625, 'Barclay', 'Gullis', 'Rustich', '2006-04-07', 'H'),
(626, 'Edythe', 'Rodders', 'Brealey', '1992-08-15', 'M'),
(627, 'Ruthi', 'Tregenna', 'Raund', '1977-03-04', 'H'),
(628, 'Derrek', 'Wainwright', 'Bachelar', '1975-01-20', 'H'),
(629, 'Charil', 'Ottee', 'Dono', '2012-09-14', 'H'),
(630, 'Julianna', 'Bresson', 'Nafzger', '1966-03-25', 'M'),
(631, 'Lindie', 'Demcak', 'Birkett', '1951-12-06', 'H'),
(632, 'Gabriel', 'Whitmore', 'Lethem', '1954-07-03', 'H'),
(633, 'Guntar', 'Abrahamowitcz', 'Slegg', '1973-05-11', 'M'),
(634, 'Noel', 'Manley', 'Colbron', '1975-03-07', 'H'),
(635, 'Barbie', 'Truscott', 'Perham', '1952-09-18', 'H'),
(636, 'Erie', 'Scarman', 'Swallow', '1988-05-02', 'M'),
(637, 'Shela', 'Brogden', 'Ohrtmann', '1965-09-29', 'H'),
(638, 'Darci', 'Ambrose', 'Vlach', '1956-09-14', 'H'),
(639, 'Annamarie', 'Brickner', 'Ricart', '1962-02-25', 'M'),
(640, 'Meir', 'Vannet', 'Spencley', '2008-11-01', 'M'),
(641, 'Dale', 'McClenaghan', 'Wasylkiewicz', '1957-03-12', 'M'),
(642, 'Egan', 'Jeratt', 'Dickenson', '1977-08-25', 'H'),
(643, 'Tatiana', 'Bains', 'Waggett', '1962-07-16', 'M'),
(644, 'Brita', 'Drakeley', 'Morritt', '1971-11-06', 'M'),
(645, 'Donni', 'Hammarberg', 'McDougle', '1987-01-04', 'M'),
(646, 'Lillian', 'Tomlett', 'Odom', '2015-07-22', 'M'),
(647, 'Ephrayim', 'Gilbeart', 'Biddleston', '1984-07-27', 'H'),
(648, 'Minor', 'Hucklesby', 'Philips', '2017-01-02', 'H'),
(649, 'Willow', 'Levett', 'Archambault', '1982-03-18', 'H'),
(650, 'Dwight', 'Monk', 'Matasov', '1970-06-03', 'H'),
(651, 'Hettie', 'Cissen', 'Ohlsen', '2005-10-30', 'H'),
(652, 'August', 'Beaument', 'Skirven', '1952-01-31', 'H'),
(653, 'Carolyne', 'Ruspine', 'Nealon', '1980-12-19', 'M'),
(654, 'Meade', 'Meadway', 'Grinyer', '1983-09-14', 'H'),
(655, 'Alex', 'Winder', 'Kubicka', '2007-06-20', 'H'),
(656, 'Flor', 'Ruddle', 'Strafford', '1994-06-30', 'H'),
(657, 'Stacee', 'Hookes', 'Bonhome', '1953-11-30', 'M'),
(658, 'Murry', 'Widdison', 'Mazella', '2015-06-16', 'H'),
(659, 'Ayn', 'Bolderson', 'Garnar', '1958-09-16', 'H'),
(660, 'Ermentrude', 'Baroux', 'Meake', '1988-04-13', 'M'),
(661, 'Dallis', 'Kubiak', 'Braidon', '1998-11-06', 'M'),
(662, 'Micki', 'Naptine', 'Antunez', '2001-01-14', 'M'),
(663, 'Bail', 'Hane', 'Pothergill', '1959-12-17', 'M'),
(664, 'Sheena', 'McCray', 'Blomefield', '1958-03-28', 'M'),
(665, 'Devi', 'Lindop', 'Jime', '1983-07-08', 'H'),
(666, 'Archibald', 'O\'Gormally', 'Willetts', '1956-06-03', 'M'),
(667, 'Melita', 'Michurin', 'Breyt', '1994-10-04', 'H'),
(668, 'Olivia', 'Ruler', 'Manueli', '1959-07-12', 'M'),
(669, 'Ben', 'Search', 'Poser', '1990-01-01', 'M'),
(670, 'La verne', 'MacPharlain', 'Bruhnicke', '1985-08-20', 'H'),
(671, 'Klement', 'Truckell', 'MacDonell', '1971-05-27', 'M'),
(672, 'Granny', 'Dannatt', 'Newbery', '1973-04-04', 'M'),
(673, 'Quentin', 'Franceschelli', 'Bodimeade', '1967-01-30', 'H'),
(674, 'Martelle', 'Nary', 'Hylton', '1972-03-03', 'M'),
(675, 'Thomasin', 'Becks', 'Rudsdell', '2019-10-23', 'M'),
(676, 'Scarlett', 'Karby', 'Cluley', '1967-02-14', 'M'),
(677, 'Jerad', 'Pitkeathly', 'Larroway', '1962-06-28', 'M'),
(678, 'Bartolemo', 'Eccleston', 'Bardell', '1961-03-01', 'H'),
(679, 'Mae', 'Heaysman', 'Yong', '2009-01-03', 'M'),
(680, 'Tiler', 'Hoggins', 'Rutgers', '1976-10-23', 'H'),
(681, 'Anthiathia', 'Percy', 'Phillp', '1956-01-14', 'M'),
(682, 'Biddy', 'Cockerton', 'McVicker', '1979-08-16', 'H'),
(683, 'Adelbert', 'Usherwood', 'Dobbings', '1965-11-10', 'H'),
(684, 'Toddie', 'Gabby', 'Penman', '1967-10-30', 'M'),
(685, 'Padraic', 'Sandbatch', 'Jamblin', '1993-06-17', 'M'),
(686, 'Joan', 'Gough', 'Foynes', '1963-11-16', 'M'),
(687, 'Dusty', 'Drillot', 'Cleminshaw', '1969-12-24', 'M'),
(688, 'Garner', 'Sampson', 'Baysting', '1981-01-05', 'M'),
(689, 'Brit', 'Ciccone', 'Ingle', '1970-02-18', 'M'),
(690, 'Gale', 'Brimm', 'Stebles', '1970-07-29', 'M'),
(691, 'Kaylyn', 'Hurrell', 'Higgoe', '1998-01-31', 'M'),
(692, 'Dimitry', 'Broady', 'Edison', '1982-08-27', 'M'),
(693, 'Elana', 'Emby', 'Normandale', '1983-02-09', 'H'),
(694, 'Brittni', 'Copcutt', 'Fache', '2012-07-24', 'M'),
(695, 'Suzann', 'Biggin', 'Furness', '1970-12-08', 'M'),
(696, 'Bevvy', 'Dovington', 'Gouny', '1995-02-07', 'H'),
(697, 'Margret', 'Edmead', 'Lowater', '2004-12-18', 'M'),
(698, 'Evangeline', 'Clemenzi', 'Wignall', '2002-02-18', 'M'),
(699, 'Sande', 'Board', 'Langworthy', '1953-05-19', 'M'),
(700, 'Ermina', 'McGiff', 'McCrachen', '1951-12-14', 'H'),
(701, 'Madge', 'McElane', 'Queyos', '1985-08-17', 'M'),
(702, 'Donielle', 'Colleran', 'Coule', '1982-01-27', 'M'),
(703, 'Templeton', 'Houlahan', 'Leonards', '1990-11-26', 'M'),
(704, 'Jehu', 'Greatrakes', 'Astill', '2007-03-04', 'M'),
(705, 'Kippie', 'Trounson', 'Benito', '1991-12-26', 'H'),
(706, 'Corie', 'Moorcroft', 'Salaman', '1966-12-20', 'M'),
(707, 'Collette', 'Galiero', 'Winskill', '1976-09-20', 'M'),
(708, 'Sherlock', 'Borres', 'Corkan', '1983-01-30', 'H'),
(709, 'Charlot', 'Freeman', 'Wisam', '1956-07-26', 'H'),
(710, 'Denny', 'Portam', 'Boadby', '2009-03-17', 'M'),
(711, 'Joshua', 'Gerren', 'Baugh', '1997-11-25', 'M'),
(712, 'Spencer', 'Joist', 'Setterington', '2011-01-14', 'H'),
(713, 'Matelda', 'Travers', 'Pottery', '1987-04-14', 'H'),
(714, 'Remus', 'Robertet', 'Cana', '1959-02-03', 'M'),
(715, 'Alis', 'Dunbleton', 'Pidduck', '1977-12-04', 'M'),
(716, 'Stoddard', 'Ovill', 'Methuen', '1989-11-20', 'M'),
(717, 'Valaria', 'Winward', 'Dickerson', '2000-08-07', 'M'),
(718, 'Luz', 'Furlonge', 'Brockett', '1961-12-24', 'H'),
(719, 'Yoshiko', 'Cordon', 'Matys', '2014-05-25', 'H'),
(720, 'Dorisa', 'Seide', 'Vango', '1961-03-02', 'H'),
(721, 'Skipp', 'McCarter', 'Hirjak', '1992-02-03', 'M'),
(722, 'Jermayne', 'Dulling', 'Tremblet', '1992-12-03', 'M'),
(723, 'Rebekah', 'Normanton', 'Strettle', '2010-10-11', 'M'),
(724, 'Sherline', 'Chapman', 'Dorsey', '2017-09-26', 'M'),
(725, 'Lodovico', 'Furzer', 'Balston', '1986-09-21', 'M'),
(726, 'Harry', 'Coultish', 'Poschel', '2010-09-16', 'M'),
(727, 'Ursola', 'Tudhope', 'Featherston', '1953-04-12', 'H'),
(728, 'Mac', 'Lewknor', 'Addyman', '1981-08-14', 'M'),
(729, 'Penn', 'Pillinger', 'Lilburn', '1979-01-19', 'H'),
(730, 'Ahmed', 'Wignall', 'Stolworthy', '1951-06-03', 'M'),
(731, 'Gilbertina', 'Heaney`', 'Dodsley', '1986-09-16', 'H'),
(732, 'Chickie', 'Pluck', 'Camin', '1959-05-22', 'H'),
(733, 'Dawn', 'Baglan', 'Jouandet', '1969-04-21', 'M'),
(734, 'Vic', 'Jankiewicz', 'Rootham', '1987-07-28', 'H'),
(735, 'Kattie', 'Pakeman', 'Allery', '1992-09-30', 'H'),
(736, 'Carmelita', 'Lewsie', 'Askaw', '2016-04-13', 'M'),
(737, 'Isacco', 'Baber', 'Percy', '1987-09-24', 'M'),
(738, 'Petr', 'Rudeforth', 'Conneau', '2004-04-19', 'H'),
(739, 'Paul', 'Wrathmell', 'Greve', '1961-01-24', 'H'),
(740, 'Gaby', 'Wallsam', 'Peare', '1980-04-17', 'M'),
(741, 'Gael', 'Brosius', 'Heddy', '2012-08-12', 'M'),
(742, 'Kiel', 'Nolton', 'Chenery', '1985-08-19', 'M'),
(743, 'Odelle', 'Elstob', 'Di Gregorio', '1962-02-28', 'M'),
(744, 'Chelsea', 'Brimley', 'Harcombe', '1991-01-03', 'M'),
(745, 'Kristen', 'Gladdish', 'Trippett', '2011-03-24', 'H'),
(746, 'Muhammad', 'Durn', 'Horlick', '2014-05-27', 'M'),
(747, 'Daren', 'Stanesby', 'Dawtrey', '2018-11-23', 'H'),
(748, 'Travus', 'Gerbi', 'Blencoe', '1993-07-16', 'M'),
(749, 'Elonore', 'Alexandrou', 'Lawerence', '2007-07-06', 'H'),
(750, 'Chloe', 'Remmers', 'Wittier', '1969-03-05', 'H'),
(751, 'Vernor', 'Bramo', 'Brambell', '2006-03-22', 'M'),
(752, 'Melicent', 'Pamment', 'Torre', '2010-09-20', 'H'),
(753, 'Olimpia', 'Jemison', 'Spilsted', '1973-02-10', 'H'),
(754, 'Lindy', 'Cockcroft', 'Odgers', '1983-09-19', 'M'),
(755, 'Vite', 'Farden', 'Balston', '1988-10-16', 'H'),
(756, 'Norean', 'Fattorini', 'Blonden', '1970-07-27', 'H'),
(757, 'Enoch', 'Sapson', 'Goymer', '2009-01-31', 'H'),
(758, 'Anneliese', 'Colvill', 'Coughlan', '1981-04-22', 'M'),
(759, 'Carey', 'Lawford', 'Grunnill', '2018-06-01', 'M'),
(760, 'Brig', 'Gammel', 'O\'Feeny', '2018-10-04', 'M'),
(761, 'Abelard', 'Waind', 'Crathern', '1995-12-13', 'M'),
(762, 'Dario', 'Ridley', 'Smales', '1992-03-11', 'H'),
(763, 'Cirillo', 'Osler', 'Egglestone', '1985-06-01', 'M'),
(764, 'Claiborn', 'Quantick', 'Stockle', '1960-02-27', 'H'),
(765, 'Hattie', 'Bendall', 'Le Breton', '1991-08-30', 'H'),
(766, 'Eloisa', 'O\'Shirine', 'Arpur', '1993-06-05', 'H'),
(767, 'Pandora', 'Racine', 'Kiljan', '1966-07-10', 'M'),
(768, 'Rhianon', 'McIsaac', 'Cargill', '1972-09-23', 'M'),
(769, 'Carl', 'Brereton', 'Lowton', '2015-10-25', 'H'),
(770, 'Boniface', 'Greenroa', 'Giacomo', '1994-03-16', 'M'),
(771, 'Cob', 'Valance', 'Itzhayek', '1984-10-21', 'M'),
(772, 'Harcourt', 'Pirri', 'Ventris', '1986-01-18', 'M'),
(773, 'Harriet', 'Gillease', 'Masdin', '2004-08-14', 'M'),
(774, 'Cahra', 'Rickaert', 'Laurie', '2014-05-03', 'H'),
(775, 'Ramsay', 'Bullin', 'MacCaull', '1993-11-13', 'H'),
(776, 'Ondrea', 'Delve', 'Brownsea', '2006-10-04', 'M'),
(777, 'Dyana', 'Domenici', 'Gallaccio', '1995-07-30', 'M'),
(778, 'Teador', 'Kattenhorn', 'Sprosson', '1997-12-16', 'H'),
(779, 'Kristyn', 'Loudian', 'Shergold', '1969-06-21', 'M'),
(780, 'Stanwood', 'Lafond', 'Jeayes', '1978-05-18', 'H'),
(781, 'Ileana', 'Churchard', 'D\'eath', '1982-01-20', 'H'),
(782, 'Carlin', 'Purbrick', 'Brock', '1994-04-17', 'H'),
(783, 'Rivalee', 'Will', 'Gapp', '1955-02-06', 'M'),
(784, 'Patrica', 'Fernie', 'Erbe', '1986-10-31', 'M'),
(785, 'Scottie', 'Westcar', 'Premble', '1951-10-31', 'M'),
(786, 'Meris', 'Pashby', 'Patchett', '1968-10-21', 'M'),
(787, 'Dorri', 'Kloisner', 'Beagin', '1988-12-23', 'H'),
(788, 'Dianemarie', 'Blincow', 'L\'Hommee', '1978-10-15', 'H'),
(789, 'Candace', 'Pampling', 'Juliff', '1962-07-29', 'H'),
(790, 'Jeniffer', 'Possa', 'Skryne', '2009-12-20', 'H'),
(791, 'Mabelle', 'Streather', 'Tolerton', '2012-08-10', 'M'),
(792, 'Elora', 'Baynom', 'Bealton', '1962-04-15', 'M'),
(793, 'Susette', 'Papaminas', 'Aliman', '2004-05-12', 'H'),
(794, 'Jackie', 'Vanin', 'Cantillion', '2006-02-02', 'H'),
(795, 'Pincus', 'Sancias', 'Westmacott', '1973-09-14', 'M'),
(796, 'Colby', 'Ivanchov', 'Bendin', '1973-08-13', 'M'),
(797, 'Elana', 'Alberti', 'Goodbairn', '2003-08-01', 'M'),
(798, 'Benni', 'Cutriss', 'Toupe', '1988-01-03', 'M'),
(799, 'Townie', 'Woodwind', 'Beddon', '1988-05-21', 'M'),
(800, 'Talbot', 'Peevor', 'Isard', '1984-04-26', 'M'),
(801, 'Terrence', 'Arnolds', 'Blount', '1967-08-01', 'H'),
(802, 'Fran', 'Roach', 'Marciskewski', '1991-05-27', 'H'),
(803, 'Bobina', 'Quinnell', 'Fagan', '1986-11-02', 'H'),
(804, 'Audry', 'O\'Shavlan', 'Ingrey', '1982-05-23', 'H'),
(805, 'Milicent', 'Tille', 'Issacson', '1983-10-17', 'M'),
(806, 'Kincaid', 'Rraundl', 'Sockell', '1975-09-19', 'M'),
(807, 'Jeromy', 'De Few', 'Chevalier', '1995-12-10', 'M'),
(808, 'Patrice', 'Rodenhurst', 'Mustard', '2006-05-29', 'M'),
(809, 'Kimberli', 'Brayford', 'MacAnelley', '1981-01-21', 'H'),
(810, 'Marietta', 'Fairs', 'Hanney', '1969-02-27', 'H'),
(811, 'Edyth', 'Breslane', 'Margett', '1957-12-21', 'H'),
(812, 'Trixi', 'Klaas', 'Vallow', '1951-09-15', 'M'),
(813, 'Daune', 'Rubertis', 'Staite', '2011-11-29', 'H'),
(814, 'Oona', 'Orteaux', 'Gasperi', '1978-03-17', 'H'),
(815, 'Morgen', 'Jeanet', 'Andrey', '1989-03-11', 'H'),
(816, 'Dori', 'Haddrill', 'Tween', '1962-03-20', 'M'),
(817, 'Shayna', 'Dowgill', 'Ashling', '1964-12-20', 'M'),
(818, 'Jacquelin', 'Sambles', 'Friary', '1992-08-31', 'M'),
(819, 'Irena', 'Fynes', 'Stopford', '1982-04-04', 'M'),
(820, 'Eleanore', 'Goldstraw', 'Barg', '2005-02-15', 'M'),
(821, 'Pamella', 'Kelbie', 'Harteley', '2018-03-31', 'M'),
(822, 'Sterling', 'Shurmer', 'Flecknoe', '1956-05-03', 'H'),
(823, 'Carley', 'Dyde', 'Thomen', '1978-08-07', 'M'),
(824, 'Lelia', 'Kellen', 'Dunbleton', '1973-02-17', 'H'),
(825, 'Nicolina', 'Atcheson', 'Boothroyd', '1964-06-11', 'H'),
(826, 'Charissa', 'Boldry', 'Tremblett', '1978-02-20', 'H'),
(827, 'Jorgan', 'Ziemke', 'Kerby', '1975-06-21', 'M'),
(828, 'Cyrill', 'Largan', 'Orknay', '2001-11-17', 'M'),
(829, 'Salomone', 'Tomsa', 'Nanetti', '1990-06-08', 'M'),
(830, 'Almeria', 'Foakes', 'Charteris', '1961-05-04', 'M'),
(831, 'Stinky', 'Philler', 'Rabat', '1960-05-29', 'H'),
(832, 'Zeb', 'Derrington', 'Fantham', '2002-01-21', 'M'),
(833, 'Efrem', 'Enderwick', 'Fucher', '2009-03-07', 'H'),
(834, 'Melodie', 'Lincey', 'Fittes', '1989-03-30', 'H'),
(835, 'Alexia', 'Caudell', 'Goucher', '2006-09-29', 'M'),
(836, 'Grace', 'Cooke', 'Japp', '1987-12-01', 'H'),
(837, 'Alberik', 'Kimmins', 'Hospital', '1982-10-16', 'M'),
(838, 'Karine', 'Kill', 'Nabbs', '2005-08-02', 'M'),
(839, 'Benny', 'Ralston', 'Ure', '2007-10-23', 'M'),
(840, 'Brear', 'Gareisr', 'Brotherhed', '1968-03-01', 'H'),
(841, 'Debi', 'Kettley', 'Van Oort', '2017-01-22', 'M'),
(842, 'Krisha', 'Orchart', 'Bartelet', '1987-10-08', 'M'),
(843, 'Lynne', 'Held', 'Zavattiero', '1957-01-03', 'M'),
(844, 'Cacilia', 'Tizzard', 'Fattorini', '2009-08-22', 'M'),
(845, 'Dorthea', 'Rosenfelt', 'Dudgeon', '2014-01-18', 'M'),
(846, 'Feliks', 'Cottu', 'Bakster', '1956-09-19', 'M'),
(847, 'Cariotta', 'Caplis', 'Decruse', '1978-11-05', 'H'),
(848, 'Leila', 'Anscombe', 'Cheasman', '1995-09-13', 'M'),
(849, 'Dud', 'Doorbar', 'Pickervance', '1959-01-26', 'M'),
(850, 'Clemmie', 'Opdenorth', 'Pigot', '1975-12-28', 'H'),
(851, 'Meredith', 'Easson', 'Banker', '1969-10-29', 'M'),
(852, 'Mattie', 'Osant', 'Metzke', '1976-12-06', 'H'),
(853, 'Yalonda', 'Dibble', 'Buttner', '1971-10-23', 'H'),
(854, 'Meriel', 'Graben', 'Bellany', '2008-12-28', 'M'),
(855, 'Rutherford', 'Calbrathe', 'Lehon', '1981-04-01', 'M'),
(856, 'Carrol', 'Beautyman', 'Swale', '1969-05-11', 'M'),
(857, 'Isabella', 'Viccary', 'Malcher', '2005-08-11', 'H'),
(858, 'Stormie', 'Songer', 'Shimwall', '1981-03-16', 'H'),
(859, 'Patricia', 'Winkworth', 'Coupe', '2008-11-27', 'H'),
(860, 'Lennard', 'Breming', 'Medford', '1997-07-08', 'M'),
(861, 'Whitby', 'Revans', 'Degg', '1972-05-11', 'H'),
(862, 'Will', 'Solman', 'Dixcee', '1980-11-26', 'H'),
(863, 'Daryn', 'Harring', 'Laughlan', '1963-07-02', 'H'),
(864, 'Anica', 'Rawles', 'Baxstar', '1995-02-09', 'M'),
(865, 'Dore', 'MacClure', 'Di Franceschi', '2008-01-08', 'M'),
(866, 'Hoyt', 'Ettery', 'Twinterman', '1989-12-03', 'M'),
(867, 'Annabal', 'Tipper', 'Fridaye', '2004-09-01', 'M'),
(868, 'Marsiella', 'Glasebrook', 'Taylo', '1973-12-01', 'M'),
(869, 'Anjanette', 'Padula', 'Grishankov', '1983-10-15', 'H'),
(870, 'Quincey', 'Le Fleming', 'Babin', '1965-12-02', 'H'),
(871, 'Rayner', 'Amberson', 'Soan', '1972-11-22', 'H'),
(872, 'Dorothy', 'Aindriu', 'Deverock', '1984-04-17', 'M'),
(873, 'Bertrando', 'Leale', 'Bendan', '2002-03-15', 'H'),
(874, 'Cristabel', 'Lace', 'Greser', '1966-10-02', 'M'),
(875, 'Jaclin', 'Sandey', 'Bodechon', '1987-01-20', 'H'),
(876, 'Alberik', 'Racher', 'Van der Kruis', '1975-09-01', 'H'),
(877, 'Ezequiel', 'Luffman', 'Fearnall', '1976-08-24', 'H'),
(878, 'Florrie', 'Shirlaw', 'Davey', '1987-05-28', 'H'),
(879, 'Pacorro', 'Ouldred', 'Godfree', '2001-04-21', 'H'),
(880, 'Sharline', 'Crannell', 'Borles', '2006-10-17', 'H'),
(881, 'Emmett', 'Harroway', 'Tarn', '1993-07-10', 'M'),
(882, 'Demetrius', 'Element', 'Ody', '1999-06-13', 'H'),
(883, 'Pyotr', 'Winnard', 'Ledamun', '1991-02-01', 'H'),
(884, 'Igor', 'Garnul', 'Gibke', '2019-02-16', 'M'),
(885, 'Mabel', 'Gwyer', 'O\' Cuolahan', '1966-07-08', 'M'),
(886, 'Gherardo', 'Di Baudi', 'Croce', '1998-07-11', 'H'),
(887, 'Edithe', 'Haugen', 'Sarch', '1979-05-14', 'H'),
(888, 'Irvine', 'Queyos', 'Colthard', '1997-12-27', 'M'),
(889, 'Loutitia', 'Baigrie', 'Burberow', '1998-11-02', 'H'),
(890, 'Toiboid', 'Hadkins', 'Siverns', '1978-08-11', 'M'),
(891, 'Faye', 'Lemmon', 'Corradeschi', '1979-12-09', 'H');
INSERT INTO `pasajeros` (`id_pasajero`, `nombre`, `ap_paterno`, `ap_materno`, `fecha`, `sexo`) VALUES
(892, 'Torrie', 'Proswell', 'Lintill', '1993-06-21', 'M'),
(893, 'Inesita', 'Goodlip', 'Sowray', '1987-12-05', 'H'),
(894, 'Thorn', 'Yakunchikov', 'Oliveti', '1958-10-07', 'H'),
(895, 'Brianne', 'Carlsson', 'Cumpsty', '1954-05-13', 'H'),
(896, 'Jere', 'Chanson', 'Vedenyakin', '1992-12-07', 'M'),
(897, 'Judah', 'Hollerin', 'Hixley', '1953-12-24', 'M'),
(898, 'Ludovika', 'Dorrins', 'Franckton', '2017-11-14', 'M'),
(899, 'Boigie', 'Burbidge', 'Barrus', '2015-03-01', 'H'),
(900, 'Mariejeanne', 'Tremoulet', 'Ebbutt', '1972-09-13', 'H'),
(901, 'Lilli', 'Goodban', 'Brimilcombe', '2010-07-07', 'M'),
(902, 'Ginnie', 'Taffarello', 'Baddoe', '1984-08-12', 'M'),
(903, 'Ninon', 'Raeburn', 'Hawson', '2015-10-24', 'M'),
(904, 'Edsel', 'Heams', 'Leopard', '1986-12-02', 'H'),
(905, 'Gualterio', 'Clapison', 'McDuall', '1988-09-12', 'H'),
(906, 'Grant', 'Thunderman', 'Germann', '1988-01-24', 'H'),
(907, 'Sharai', 'Sothern', 'Paulsson', '2013-01-22', 'H'),
(908, 'Etti', 'Mayor', 'Godwyn', '1995-07-03', 'H'),
(909, 'Juliette', 'Gozzett', 'Killford', '1961-05-01', 'H'),
(910, 'Ashien', 'Pilfold', 'Manuaud', '1968-07-05', 'H'),
(911, 'Garret', 'Gornal', 'Ondricek', '2013-11-30', 'M'),
(912, 'Noelani', 'Gosland', 'Emmett', '1972-06-30', 'M'),
(913, 'Zenia', 'Urlich', 'Kenewel', '1996-09-12', 'M'),
(914, 'Jaclin', 'Ponte', 'Pettipher', '2000-02-24', 'M'),
(915, 'Mariann', 'Hamlyn', 'Forson', '1990-10-15', 'M'),
(916, 'Nessy', 'Ivanenko', 'Boutton', '1960-08-07', 'H'),
(917, 'Vicky', 'Dike', 'Titmarsh', '1961-07-10', 'H'),
(918, 'Alain', 'Eslemont', 'Crecy', '1971-02-05', 'H'),
(919, 'Alidia', 'Gobeaux', 'Marlen', '1988-12-30', 'M'),
(920, 'Kristien', 'Sinnott', 'Ilyinski', '2019-02-07', 'H'),
(921, 'Shandy', 'Kitching', 'Antonomoli', '1983-08-25', 'M'),
(922, 'Boonie', 'Laffin', 'Wayt', '1951-05-13', 'M'),
(923, 'Chelsie', 'Denidge', 'Don', '2016-02-20', 'M'),
(924, 'Willette', 'Kee', 'Hattigan', '1971-10-26', 'H'),
(925, 'Gratiana', 'Blacklock', 'Jellett', '1987-07-06', 'H'),
(926, 'Conney', 'Scoles', 'Olivi', '1954-07-25', 'H'),
(927, 'Benetta', 'Bambrugh', 'Northey', '2009-09-05', 'M'),
(928, 'Hart', 'Northeast', 'McKinnon', '2004-10-08', 'H'),
(929, 'Annie', 'Lelande', 'Baumler', '1984-02-08', 'M'),
(930, 'Mia', 'Claricoates', 'Yousef', '1968-03-18', 'H'),
(931, 'Tawsha', 'Achromov', 'Bebb', '1965-07-28', 'M'),
(932, 'Audy', 'Wiffler', 'Coy', '1973-07-01', 'H'),
(933, 'Hermia', 'Akast', 'Reschke', '1997-11-14', 'H'),
(934, 'Derron', 'Densumbe', 'Stute', '2003-04-15', 'H'),
(935, 'Omero', 'Elcoux', 'Bendel', '1988-03-29', 'M'),
(936, 'Orlando', 'Doughty', 'Squire', '1969-04-20', 'M'),
(937, 'Stern', 'Flips', 'Huggan', '1972-12-09', 'M'),
(938, 'Crin', 'Thomasset', 'Forten', '2013-10-13', 'M'),
(939, 'Lianna', 'Rowlands', 'Olanda', '1959-05-01', 'H'),
(940, 'Silvanus', 'Widdows', 'Santen', '1952-10-11', 'H'),
(941, 'Bearnard', 'Torregiani', 'Genge', '1971-05-10', 'M'),
(942, 'Tessi', 'Habershaw', 'Chaudret', '1994-04-06', 'H'),
(943, 'Benedikta', 'MacRorie', 'Shephard', '1964-04-12', 'H'),
(944, 'Rosalinda', 'Macey', 'Sudlow', '1992-04-22', 'H'),
(945, 'Hillier', 'Stefanovic', 'Tomlin', '1979-05-29', 'H'),
(946, 'Peta', 'Wainer', 'Olorenshaw', '1968-08-27', 'H'),
(947, 'Cornela', 'Kingsford', 'Biers', '2014-11-17', 'H'),
(948, 'Salli', 'Seeney', 'Peracco', '2005-05-13', 'M'),
(949, 'Sheffie', 'Beamont', 'Nendick', '2014-11-28', 'M'),
(950, 'Tammy', 'Lawrenz', 'Buck', '2017-06-21', 'H'),
(951, 'Roderic', 'Flatley', 'Baddoe', '1980-05-12', 'M'),
(952, 'Paton', 'Peiser', 'Cowpland', '1990-10-11', 'H'),
(953, 'Skyler', 'D\'Ambrosi', 'D\'Elias', '1953-07-12', 'M'),
(954, 'Ralf', 'Jirik', 'Futter', '1996-01-13', 'M'),
(955, 'Talya', 'Gillfillan', 'Meaker', '1981-01-15', 'M'),
(956, 'Cymbre', 'Verlinden', 'Pawfoot', '1969-04-07', 'M'),
(957, 'Glenine', 'Hedditeh', 'Choffin', '1984-12-27', 'H'),
(958, 'Zebulon', 'Pill', 'Mattacks', '1955-11-15', 'M'),
(959, 'Ursula', 'Gush', 'Ericssen', '1969-11-28', 'H'),
(960, 'Bettina', 'D\'Elias', 'Ashplant', '1952-04-09', 'H'),
(961, 'Shina', 'Petricek', 'Crichten', '1995-02-22', 'H'),
(962, 'Joby', 'Lampbrecht', 'Amerighi', '1971-11-01', 'H'),
(963, 'Cristen', 'Welden', 'Gutierrez', '1959-05-09', 'H'),
(964, 'Lorens', 'Lorens', 'Figger', '1979-04-26', 'M'),
(965, 'Shayna', 'Wilfinger', 'Tellenbrook', '1971-03-08', 'H'),
(966, 'Dominick', 'Genge', 'Curnok', '1962-08-01', 'M'),
(967, 'Thea', 'Vallens', 'Shingler', '2001-10-21', 'H'),
(968, 'Alicia', 'De la Yglesia', 'Loveredge', '1985-06-21', 'H'),
(969, 'Janelle', 'Daintree', 'Sutherden', '2011-10-20', 'H'),
(970, 'Dalli', 'Marciskewski', 'Tansey', '1959-05-13', 'M'),
(971, 'Domenic', 'Feldhuhn', 'Blacktin', '2003-07-24', 'M'),
(972, 'Guthrey', 'Bonallack', 'Puden', '1969-04-16', 'H'),
(973, 'Annice', 'Lis', 'Cawt', '1963-12-23', 'H'),
(974, 'Katee', 'Lorence', 'Chewter', '1957-02-23', 'H'),
(975, 'Torre', 'Gowanson', 'Nuemann', '1977-03-09', 'H'),
(976, 'Kirbee', 'Davidescu', 'Aslott', '1958-04-15', 'H'),
(977, 'Todd', 'Echlin', 'Labon', '2017-10-08', 'M'),
(978, 'Thebault', 'Crauford', 'McDunlevy', '1994-07-11', 'M'),
(979, 'Newton', 'Daubeny', 'Lantoph', '1965-10-22', 'H'),
(980, 'Rosaleen', 'Magarrell', 'Mitchard', '1951-03-13', 'H'),
(981, 'Bev', 'Serle', 'Lipscombe', '1994-03-24', 'H'),
(982, 'Hanson', 'Halliwell', 'Bensusan', '1990-06-19', 'H'),
(983, 'Josee', 'Golton', 'Foottit', '1972-12-29', 'M'),
(984, 'Tristan', 'McKevitt', 'Magovern', '1988-05-23', 'H'),
(985, 'Brear', 'Rainsden', 'Sudworth', '2016-06-07', 'M'),
(986, 'Wilhelm', 'Schonfelder', 'Reppaport', '1993-07-05', 'H'),
(987, 'Barby', 'Nobes', 'Harefoot', '1988-10-01', 'M'),
(988, 'Hedy', 'Jelkes', 'MacCall', '1975-03-28', 'H'),
(989, 'Kara-lynn', 'Bertelmot', 'Dudman', '1998-03-06', 'M'),
(990, 'Jacintha', 'Lunge', 'Dumbare', '2000-09-10', 'H'),
(991, 'Gui', 'Medendorp', 'Bamell', '1976-02-25', 'H'),
(992, 'Arleen', 'Brekonridge', 'Bielfeldt', '1961-01-28', 'M'),
(993, 'Matthew', 'Inkle', 'Snaith', '2017-02-02', 'H'),
(994, 'Kameko', 'Timmens', 'Mecchi', '1961-08-25', 'M'),
(995, 'Eldin', 'Stoggles', 'Nestoruk', '1996-04-13', 'M'),
(996, 'Crin', 'Planks', 'Jurick', '2001-10-09', 'M'),
(997, 'Montgomery', 'Gurney', 'Pear', '1980-05-06', 'H'),
(998, 'Barton', 'Welburn', 'Carlesi', '2017-04-25', 'H'),
(999, 'Arnoldo', 'Paulot', 'Storrah', '1955-04-20', 'M'),
(1000, 'Kaile', 'Capstack', 'Geeson', '1960-03-23', 'H');

-- --------------------------------------------------------

--
-- Estructura de tabla para la tabla `piloto`
--

CREATE TABLE `piloto` (
  `id_piloto` int(11) NOT NULL,
  `nombre` varchar(50) NOT NULL,
  `ap_paterno` varchar(50) NOT NULL,
  `ap_materno` varchar(50) NOT NULL,
  `curp` varchar(18) NOT NULL,
  `fecha` date NOT NULL,
  `sexo` varchar(10) NOT NULL
) ENGINE=InnoDB DEFAULT CHARSET=utf8mb4;

--
-- Volcado de datos para la tabla `piloto`
--

INSERT INTO `piloto` (`id_piloto`, `nombre`, `ap_paterno`, `ap_materno`, `curp`, `fecha`, `sexo`) VALUES
(1, 'Hill', 'Faltin', 'Pittendreigh', 'HBUW713344HSUA55', '2016-05-16', 'H'),
(2, 'Agretha', 'Jonas', 'Aldam', 'LWAD782710HMUK23', '2016-12-05', 'M'),
(3, 'Barron', 'Renne', 'Becker', 'KXBX128820HNEY35', '2008-06-28', 'M'),
(4, 'Gamaliel', 'Slyvester', 'Alcorn', 'XYUU713291MUAE19', '1994-05-06', 'M'),
(5, 'Lida', 'Balf', 'Dunnet', 'UJUC506777MYNE32', '1988-10-27', 'M'),
(6, 'Emma', 'Cowp', 'Murrow', 'HGPU447739MBOW45', '2007-12-30', 'H'),
(7, 'Katee', 'Lathaye', 'Weeden', 'IBLA899896MNEH13', '1987-01-12', 'M'),
(8, 'Godfry', 'Simons', 'O\' Mullan', 'YSMF971984MHVH22', '1998-01-06', 'M'),
(9, 'Rheta', 'Twidell', 'Mattiuzzi', 'VPEU459993HSWD36', '2012-01-09', 'H'),
(10, 'Lorant', 'Nowick', 'Pomphrey', 'GSEC550478HRTI50', '2005-04-29', 'H'),
(11, 'Odille', 'Minerdo', 'Hedgeman', 'PRWA154051HQJR30', '2017-08-18', 'M'),
(12, 'Dayle', 'Domenget', 'Byrth', 'QDRE165881HIEI18', '1991-05-12', 'M'),
(13, 'Clair', 'Mainz', 'Buffy', 'CBDA576097HOPR74', '2011-08-13', 'M'),
(14, 'Dell', 'Whitrod', 'Antoniou', 'OCLG366773HYCH95', '1993-09-19', 'H'),
(15, 'Patrick', 'Kohrs', 'Feavearyear', 'MWKO780266HDWY79', '1997-07-29', 'H');

-- --------------------------------------------------------

--
-- Estructura de tabla para la tabla `pistas`
--

CREATE TABLE `pistas` (
  `id_pista` int(11) NOT NULL,
  `nombre` varchar(50) NOT NULL,
  `capacidad` float NOT NULL,
  `id_aeropuerto` int(11) NOT NULL
) ENGINE=InnoDB DEFAULT CHARSET=utf8mb4;

--
-- Volcado de datos para la tabla `pistas`
--

INSERT INTO `pistas` (`id_pista`, `nombre`, `capacidad`, `id_aeropuerto`) VALUES
(1, 'Bitwolf', 2, 10),
(2, 'Temp', 2, 14),
(3, 'Daltfresh', 1, 11),
(4, 'Zamit', 1, 6),
(5, 'Flexidy', 3, 4),
(6, 'It', 2, 1),
(7, 'Flowdesk', 1, 5),
(8, 'Subin', 1, 15),
(9, 'Flexidy', 1, 9),
(10, 'Holdlamis', 1, 10),
(11, 'Ventosanzap', 3, 10),
(12, 'Kanlam', 4, 15),
(13, 'Fintone', 1, 5),
(14, 'Y-find', 1, 15),
(15, 'Job', 2, 8),
(16, 'Quo Lux', 1, 15),
(17, 'Bitwolf', 3, 4),
(18, 'Fixflex', 3, 15),
(19, 'Stronghold', 3, 5),
(20, 'Asoka', 2, 1),
(21, 'Zontrax', 2, 2),
(22, 'Andalax', 4, 11),
(23, 'Quo Lux', 2, 7),
(24, 'Job', 1, 13),
(25, 'Fixflex', 2, 11),
(26, 'Flexidy', 2, 15),
(27, 'Cardify', 2, 10),
(28, 'Voltsillam', 4, 3),
(29, 'Bigtax', 1, 5),
(30, 'Fixflex', 3, 13),
(31, 'Veribet', 3, 6),
(32, 'Trippledex', 1, 9),
(33, 'Vagram', 3, 3),
(34, 'Keylex', 3, 16),
(35, 'Lotlux', 4, 9),
(36, 'Bigtax', 4, 7),
(37, 'Fintone', 3, 9),
(38, 'Sonair', 2, 6),
(39, 'Trippledex', 3, 1),
(40, 'Pannier', 1, 12);

-- --------------------------------------------------------

--
-- Estructura de tabla para la tabla `puesto`
--

CREATE TABLE `puesto` (
  `id_puesto` int(11) NOT NULL,
  `nombre_puesto` varchar(60) NOT NULL
) ENGINE=InnoDB DEFAULT CHARSET=utf8mb4;

--
-- Volcado de datos para la tabla `puesto`
--

INSERT INTO `puesto` (`id_puesto`, `nombre_puesto`) VALUES
(1, 'Indicador'),
(2, 'Gestion de terminal'),
(3, 'Gasero'),
(4, 'Tendero'),
(5, 'Conserje'),
(6, 'Estacion de control'),
(7, 'Venta de boletos'),
(8, 'Despachador de vuelos'),
(9, 'Técnico administrativo');

-- --------------------------------------------------------

--
-- Estructura de tabla para la tabla `servicios`
--

CREATE TABLE `servicios` (
  `id_servicio` int(11) NOT NULL,
  `nombre` varchar(60) NOT NULL,
  `empresa` varchar(60) NOT NULL,
  `id_tipo_servicios` int(11) NOT NULL,
  `id_local` int(11) NOT NULL
) ENGINE=InnoDB DEFAULT CHARSET=utf8mb4;

--
-- Volcado de datos para la tabla `servicios`
--

INSERT INTO `servicios` (`id_servicio`, `nombre`, `empresa`, `id_tipo_servicios`, `id_local`) VALUES
(1, 'Limpieza', 'Cummings, Nicolas and Goyette', 2, 1),
(2, 'Limpieza', 'Beier Group', 4, 2),
(3, 'Limpieza', 'Collier-Wolff', 2, 3),
(4, 'Limpieza', 'Kovacek-Schmidt', 2, 4),
(5, 'Mantenimiento', 'Jaskolski LLC', 2, 5),
(6, 'Limpieza', 'Marks-Harber', 3, 6),
(7, 'Limpieza', 'Fritsch-Botsford', 2, 7),
(8, 'Limpieza', 'Hoppe-Bergnaum', 1, 8),
(9, 'Cajas', 'Cremin LLC', 1, 9),
(10, 'Logistica', 'Gottlieb Group', 3, 10),
(11, 'Mantenimiento', 'Erdman, Reichel and Sanford', 2, 11),
(12, 'Cajas', 'Walker-Friesen', 1, 12),
(13, 'Limpieza', 'Bosco, Schaden and Abshire', 2, 13),
(14, 'Logistica', 'Dickinson, Collier and Green', 2, 14),
(15, 'Logistica', 'Vandervort, Jacobi and Medhurst', 3, 15),
(16, 'Limpieza', 'Schroeder, Beier and Donnelly', 1, 16),
(17, 'Limpieza', 'Stokes and Sons', 4, 17),
(18, 'Limpieza', 'Harvey LLC', 3, 18),
(19, 'Logistica', 'Mann, Kunze and Kreiger', 3, 19),
(20, 'Logistica', 'Nicolas-O\'Hara', 3, 20),
(21, 'Cajas', 'Raynor, Gibson and Dare', 2, 21),
(22, 'Mantenimiento', 'Torphy, Mitchell and Mosciski', 1, 22),
(23, 'Limpieza', 'Konopelski Inc', 3, 23),
(24, 'Atencion a clientes', 'Littel, Zieme and Torphy', 1, 24),
(25, 'Limpieza', 'Dach Group', 3, 25),
(26, 'Cajas', 'Hintz, Jast and Collier', 4, 26),
(27, 'Cajas', 'Ziemann-Harvey', 2, 27),
(28, 'Cajas', 'Reichel, Bode and McDermott', 2, 28),
(29, 'Limpieza', 'Powlowski, Romaguera and Jacobi', 2, 29),
(30, 'Limpieza', 'Schowalter, Bode and Grant', 1, 30),
(31, 'Limpieza', 'White, Ritchie and Hayes', 4, 31),
(32, 'Limpieza', 'Roberts-Will', 1, 32),
(33, 'Limpieza', 'Douglas and Sons', 4, 33),
(34, 'Atencion a clientes', 'Jacobs Group', 1, 34),
(35, 'Cajas', 'Morar-Halvorson', 4, 35),
(36, 'Limpieza', 'Conn Group', 2, 36),
(37, 'Limpieza', 'Conroy Inc', 1, 37),
(38, 'Limpieza', 'Hartmann-Hilpert', 1, 38),
(39, 'Mercancia', 'Blanda, Lehner and Schneider', 1, 39),
(40, 'Limpieza', 'Hickle Group', 3, 40);

-- --------------------------------------------------------

--
-- Estructura de tabla para la tabla `servicio_combustible`
--

CREATE TABLE `servicio_combustible` (
  `id_servicio` int(11) NOT NULL,
  `id_avion` int(11) NOT NULL,
  `litros` float NOT NULL,
  `fecha` datetime NOT NULL,
  `id_empleado` int(11) NOT NULL
) ENGINE=InnoDB DEFAULT CHARSET=utf8mb4;

--
-- Volcado de datos para la tabla `servicio_combustible`
--

INSERT INTO `servicio_combustible` (`id_servicio`, `id_avion`, `litros`, `fecha`, `id_empleado`) VALUES
(1, 12, 30216.3, '2021-02-06 01:48:05', 73),
(2, 11, 31589.9, '2021-08-05 10:04:05', 86),
(3, 1, 3116.94, '2021-12-06 12:02:32', 135),
(4, 9, 88963.3, '2021-04-15 01:43:23', 58),
(5, 16, 128861, '2021-10-05 14:40:03', 188),
(6, 8, 69545.1, '2021-06-23 19:41:40', 145),
(7, 7, 106028, '2021-12-14 09:58:36', 123),
(8, 11, 34745.8, '2021-11-09 17:09:50', 170),
(9, 8, 137177, '2021-06-28 21:01:47', 37),
(10, 13, 120848, '2021-09-02 12:35:06', 81),
(11, 9, 144605, '2021-03-25 14:29:13', 35),
(12, 14, 98243.3, '2021-05-28 03:01:20', 48),
(13, 4, 91313.1, '2021-09-14 23:12:54', 4),
(14, 6, 108732, '2021-03-12 01:08:12', 128),
(15, 9, 11996.4, '2020-12-13 15:58:29', 177),
(16, 14, 10973.7, '2021-06-28 10:05:44', 176),
(17, 1, 135028, '2021-03-21 00:17:05', 13),
(18, 8, 100993, '2021-04-29 10:59:14', 65),
(19, 7, 140821, '2021-05-10 19:44:41', 21),
(20, 6, 46741.1, '2021-05-13 10:02:38', 128),
(21, 14, 59126.9, '2020-12-19 19:06:12', 95),
(22, 12, 134856, '2021-03-16 10:36:29', 136),
(23, 5, 62307.4, '2021-01-17 22:01:53', 8),
(24, 6, 44635.4, '2021-08-27 00:34:42', 107),
(25, 14, 100233, '2021-10-19 22:21:27', 141),
(26, 12, 23900.2, '2021-04-29 02:17:44', 14);

-- --------------------------------------------------------

--
-- Estructura de tabla para la tabla `terminales`
--

CREATE TABLE `terminales` (
  `id_terminal` int(11) NOT NULL,
  `nombre` varchar(60) NOT NULL,
  `id_aeropuerto` int(11) NOT NULL
) ENGINE=InnoDB DEFAULT CHARSET=utf8mb4;

--
-- Volcado de datos para la tabla `terminales`
--

INSERT INTO `terminales` (`id_terminal`, `nombre`, `id_aeropuerto`) VALUES
(1, 'Cello', 12),
(2, 'Ardene', 14),
(3, 'Elena', 7),
(4, 'Suzi', 13),
(5, 'Stern', 4),
(6, 'Octavia', 7),
(7, 'Sonja', 15),
(8, 'Ruth', 3),
(9, 'Gwenora', 3),
(10, 'Sylvester', 4),
(11, 'Dannye', 11),
(12, 'Gwen', 8),
(13, 'Ynez', 13),
(14, 'Aili', 2),
(15, 'Helen', 10),
(16, 'Tynan', 11),
(17, 'Sonnie', 4),
(18, 'Oren', 6),
(19, 'Wallie', 9),
(20, 'Amble', 12),
(21, 'Steffane', 1),
(22, 'Syd', 16),
(23, 'Zed', 9),
(24, 'Isobel', 4),
(25, 'Haily', 15),
(26, 'Myron', 2),
(27, 'Violetta', 13),
(28, 'Lorettalorna', 4),
(29, 'Caterina', 7),
(30, 'Melvin', 1),
(31, 'Kendell', 1),
(32, 'Arin', 13),
(33, 'Lainey', 5),
(34, 'Dinny', 16),
(35, 'Dode', 5),
(36, 'Chad', 5),
(37, 'Aluin', 15),
(38, 'Zachariah', 7),
(39, 'Sauncho', 10),
(40, 'Marietta', 8),
(41, 'Pietrek', 7),
(42, 'Carlynne', 5),
(43, 'Sherrie', 11),
(44, 'Nissy', 1),
(45, 'Ada', 16),
(46, 'Andre', 10),
(47, 'Stanislaus', 13),
(48, 'Gaven', 2),
(49, 'Bel', 13),
(50, 'Flem', 5);

-- --------------------------------------------------------

--
-- Estructura de tabla para la tabla `tipo_servicios`
--

CREATE TABLE `tipo_servicios` (
  `id_tipo` int(11) NOT NULL,
  `nombre` varchar(60) NOT NULL
) ENGINE=InnoDB DEFAULT CHARSET=utf8mb4;

--
-- Volcado de datos para la tabla `tipo_servicios`
--

INSERT INTO `tipo_servicios` (`id_tipo`, `nombre`) VALUES
(1, 'Dulces'),
(2, 'Ropa'),
(3, 'Comida'),
(4, 'Recuerdos');

-- --------------------------------------------------------

--
-- Estructura de tabla para la tabla `tipo_vuelos`
--

CREATE TABLE `tipo_vuelos` (
  `id_tipo_vuelos` int(11) NOT NULL,
  `nombre` varchar(100) NOT NULL
) ENGINE=InnoDB DEFAULT CHARSET=utf8mb4;

--
-- Volcado de datos para la tabla `tipo_vuelos`
--

INSERT INTO `tipo_vuelos` (`id_tipo_vuelos`, `nombre`) VALUES
(1, 'Militar'),
(2, 'Comercial'),
(3, 'General');

-- --------------------------------------------------------

--
-- Estructura de tabla para la tabla `vuelos`
--

CREATE TABLE `vuelos` (
  `id_vuelo` int(11) NOT NULL,
  `fecha` datetime NOT NULL,
  `id_aereolinea` int(11) NOT NULL,
  `id_avion` int(11) NOT NULL,
  `id_piloto` int(11) NOT NULL,
  `id_copiloto` int(11) NOT NULL,
  `id_terminal` int(11) NOT NULL,
  `precio` float NOT NULL,
  `asientos_disp` int(11) NOT NULL,
  `id_tipo_vuelos` int(11) NOT NULL,
  `capacidad_carga` float DEFAULT NULL
) ENGINE=InnoDB DEFAULT CHARSET=utf8mb4;

--
-- Volcado de datos para la tabla `vuelos`
--

INSERT INTO `vuelos` (`id_vuelo`, `fecha`, `id_aereolinea`, `id_avion`, `id_piloto`, `id_copiloto`, `id_terminal`, `precio`, `asientos_disp`, `id_tipo_vuelos`, `capacidad_carga`) VALUES
(1, '2021-12-08 04:07:01', 8, 11, 8, 6, 43, 192.32, 107, 3, 97.5),
(2, '2021-12-11 15:26:03', 13, 14, 4, 2, 42, 147, 96, 3, 88.21),
(3, '2021-12-08 12:06:36', 12, 5, 4, 2, 43, 128.99, 85, 2, 98.1),
(4, '2021-12-06 19:27:01', 11, 7, 1, 9, 19, 205.41, 67, 1, 97.72),
(5, '2021-12-12 12:53:25', 20, 15, 13, 12, 4, 233.58, 105, 1, 83.37),
(6, '2021-12-10 16:20:10', 18, 6, 2, 12, 24, 245.33, 68, 3, 83.16),
(7, '2021-12-09 05:44:20', 1, 3, 4, 5, 19, 115.26, 53, 1, 93.01),
(8, '2021-12-07 14:04:05', 16, 13, 7, 5, 23, 172.37, 90, 1, 79.16),
(9, '2021-12-08 14:37:30', 4, 4, 5, 11, 37, 162.47, 111, 1, 94.35),
(10, '2021-12-10 10:27:13', 10, 1, 1, 10, 26, 275.81, 65, 1, 87.33),
(11, '2021-12-06 15:52:13', 8, 12, 13, 6, 9, 100.73, 81, 1, 79.78),
(12, '2021-12-07 14:43:50', 6, 4, 9, 3, 2, 193.46, 86, 3, 75.72),
(13, '2021-12-08 05:21:35', 15, 2, 13, 6, 15, 236.32, 52, 2, 78.89),
(14, '2021-12-06 16:52:27', 13, 2, 10, 1, 11, 209.91, 108, 3, 92.88),
(15, '2021-12-12 15:04:17', 8, 5, 9, 15, 25, 180.87, 53, 1, 90.11),
(16, '2021-12-06 03:29:58', 11, 7, 5, 8, 1, 251.37, 54, 1, 87.45),
(17, '2021-12-08 09:52:01', 16, 8, 6, 11, 11, 287.46, 69, 2, 99.64),
(18, '2021-12-10 02:47:41', 10, 5, 14, 15, 41, 192.88, 66, 2, 86.72),
(19, '2021-12-09 14:15:27', 19, 5, 12, 8, 12, 267.58, 62, 1, 77.54),
(20, '2021-12-10 04:31:03', 19, 5, 1, 5, 18, 105.83, 67, 1, 84.75),
(21, '2021-12-11 04:48:24', 6, 14, 8, 2, 21, 133.46, 53, 3, 83.17),
(22, '2021-12-12 09:47:27', 7, 10, 5, 1, 13, 299.65, 113, 2, 88.04),
(23, '2021-12-11 09:09:42', 4, 3, 8, 14, 49, 191.03, 81, 1, 99.15),
(24, '2021-12-09 14:29:08', 7, 14, 9, 15, 28, 247.62, 101, 3, 99.02),
(25, '2021-12-12 22:14:20', 4, 4, 9, 3, 50, 171.41, 83, 3, 90.96),
(26, '2021-12-06 15:52:59', 6, 8, 5, 11, 28, 107.06, 75, 2, 96.6),
(27, '2021-12-07 04:27:12', 14, 8, 3, 15, 10, 269.92, 83, 2, 77.64),
(28, '2021-12-09 06:15:29', 17, 12, 10, 10, 45, 188.91, 102, 2, 86.06),
(29, '2021-12-09 13:13:52', 3, 15, 11, 6, 12, 146.64, 102, 1, 84.41),
(30, '2021-12-06 22:05:30', 19, 13, 1, 15, 48, 118.62, 116, 2, 88.01),
(31, '2021-12-09 18:15:13', 19, 1, 5, 8, 9, 127.96, 60, 2, 91.09),
(32, '2021-12-10 09:49:45', 10, 15, 12, 10, 31, 119.11, 92, 3, 83.91),
(33, '2021-12-08 03:49:45', 1, 10, 10, 12, 11, 149.73, 96, 1, 99.94),
(34, '2021-12-09 17:25:28', 3, 14, 4, 4, 13, 251.09, 52, 3, 86.91),
(35, '2021-12-10 16:10:55', 17, 7, 15, 1, 25, 204.71, 105, 1, 86.59),
(36, '2021-12-09 12:19:18', 16, 16, 13, 7, 13, 211.52, 70, 1, 98.57),
(37, '2021-12-08 03:07:39', 20, 9, 2, 1, 1, 270.07, 85, 3, 79.15),
(38, '2021-12-10 17:11:11', 4, 3, 2, 15, 24, 209.84, 51, 2, 80.69),
(39, '2021-12-07 04:58:35', 3, 14, 4, 14, 49, 253.3, 62, 1, 91.52),
(40, '2021-12-10 16:41:52', 18, 8, 15, 2, 2, 240.28, 100, 2, 83.95),
(41, '2021-12-08 16:08:11', 7, 15, 2, 11, 12, 160.24, 102, 1, 87.38),
(42, '2021-12-10 13:16:34', 9, 16, 14, 11, 3, 192.52, 63, 3, 86.26),
(43, '2021-12-12 15:05:43', 4, 11, 15, 5, 47, 167.79, 58, 3, 98.76),
(44, '2021-12-12 21:37:47', 13, 10, 4, 8, 47, 289.15, 63, 3, 84.49),
(45, '2021-12-06 15:51:24', 19, 11, 3, 1, 2, 108.13, 69, 3, 76.55),
(46, '2021-12-11 13:12:45', 6, 14, 6, 1, 4, 208.02, 85, 3, 75.56),
(47, '2021-12-06 19:47:44', 7, 12, 1, 1, 10, 295.88, 80, 1, 94.61),
(48, '2021-12-11 21:37:22', 11, 12, 4, 2, 18, 161.14, 90, 3, 75.78),
(49, '2021-12-10 06:26:07', 7, 12, 15, 12, 27, 247.92, 87, 2, 99.48),
(50, '2021-12-07 12:27:15', 10, 4, 8, 6, 7, 198.63, 61, 2, 83.39);

--
-- Índices para tablas volcadas
--

--
-- Indices de la tabla `aduanas`
--
ALTER TABLE `aduanas`
  ADD PRIMARY KEY (`id_operacion`),
  ADD KEY `id_vuelo` (`id_vuelo`);

--
-- Indices de la tabla `aereolinea`
--
ALTER TABLE `aereolinea`
  ADD PRIMARY KEY (`id_aereolinea`),
  ADD KEY `id_pais` (`id_pais`);

--
-- Indices de la tabla `aeropuerto`
--
ALTER TABLE `aeropuerto`
  ADD PRIMARY KEY (`id_aeropuerto`),
  ADD KEY `id_pais` (`id_pais`),
  ADD KEY `tipo_aeropuerto` (`tipo_aeropuerto`);

--
-- Indices de la tabla `aviones`
--
ALTER TABLE `aviones`
  ADD PRIMARY KEY (`id_avion`),
  ADD KEY `id_aereolinea` (`id_aereolinea`,`id_hangar`),
  ADD KEY `id_hangar` (`id_hangar`);

--
-- Indices de la tabla `boletos`
--
ALTER TABLE `boletos`
  ADD PRIMARY KEY (`id_boleto`),
  ADD KEY `id_vuelo` (`id_vuelo`),
  ADD KEY `id_cliente` (`id_cliente`);

--
-- Indices de la tabla `copiloto`
--
ALTER TABLE `copiloto`
  ADD PRIMARY KEY (`id_copiloto`),
  ADD UNIQUE KEY `curp` (`curp`);

--
-- Indices de la tabla `empleados_aereopuerto`
--
ALTER TABLE `empleados_aereopuerto`
  ADD PRIMARY KEY (`id_empleado_aereopuerto`),
  ADD KEY `id_puesto` (`id_puesto`,`id_terminal`),
  ADD KEY `id_terminal` (`id_terminal`);

--
-- Indices de la tabla `estacionamiento_aviones`
--
ALTER TABLE `estacionamiento_aviones`
  ADD PRIMARY KEY (`id_estacionamiento`),
  ADD KEY `id_avion` (`id_avion`),
  ADD KEY `id_aeropuerto` (`id_aeropuerto`);

--
-- Indices de la tabla `estacionamiento_pasajeros`
--
ALTER TABLE `estacionamiento_pasajeros`
  ADD PRIMARY KEY (`id_boleto`),
  ADD UNIQUE KEY `lugar_estacionamiento` (`lugar_estacionamiento`),
  ADD KEY `id_aeropuerto` (`id_aeropuerto`);

--
-- Indices de la tabla `hangares`
--
ALTER TABLE `hangares`
  ADD PRIMARY KEY (`id_hangar`),
  ADD KEY `id_aeropuerto` (`id_aeropuerto`);

--
-- Indices de la tabla `llegadas`
--
ALTER TABLE `llegadas`
  ADD PRIMARY KEY (`id_llegada`),
  ADD KEY `id_vuelo` (`id_vuelo`,`id_pista`),
  ADD KEY `id_pista` (`id_pista`);

--
-- Indices de la tabla `locales`
--
ALTER TABLE `locales`
  ADD PRIMARY KEY (`id_local`),
  ADD KEY `id_terminal` (`id_terminal`);

--
-- Indices de la tabla `nacionalidades`
--
ALTER TABLE `nacionalidades`
  ADD PRIMARY KEY (`id_nacionalidad`),
  ADD KEY `id_pais` (`id_pais`);

--
-- Indices de la tabla `paises`
--
ALTER TABLE `paises`
  ADD PRIMARY KEY (`id_pais`),
  ADD UNIQUE KEY `nombre` (`nombre`),
  ADD UNIQUE KEY `iso_3` (`iso_3`);

--
-- Indices de la tabla `pasajeros`
--
ALTER TABLE `pasajeros`
  ADD PRIMARY KEY (`id_pasajero`);

--
-- Indices de la tabla `piloto`
--
ALTER TABLE `piloto`
  ADD PRIMARY KEY (`id_piloto`);

--
-- Indices de la tabla `pistas`
--
ALTER TABLE `pistas`
  ADD PRIMARY KEY (`id_pista`),
  ADD KEY `id_aeropuerto` (`id_aeropuerto`);

--
-- Indices de la tabla `puesto`
--
ALTER TABLE `puesto`
  ADD PRIMARY KEY (`id_puesto`);

--
-- Indices de la tabla `servicios`
--
ALTER TABLE `servicios`
  ADD PRIMARY KEY (`id_servicio`),
  ADD KEY `id_local` (`id_local`),
  ADD KEY `id_tipo_servicios` (`id_tipo_servicios`);

--
-- Indices de la tabla `servicio_combustible`
--
ALTER TABLE `servicio_combustible`
  ADD PRIMARY KEY (`id_servicio`),
  ADD KEY `id_avion` (`id_avion`,`id_empleado`),
  ADD KEY `id_empleado` (`id_empleado`);

--
-- Indices de la tabla `terminales`
--
ALTER TABLE `terminales`
  ADD PRIMARY KEY (`id_terminal`),
  ADD KEY `id_aeropuerto` (`id_aeropuerto`);

--
-- Indices de la tabla `tipo_servicios`
--
ALTER TABLE `tipo_servicios`
  ADD PRIMARY KEY (`id_tipo`);

--
-- Indices de la tabla `tipo_vuelos`
--
ALTER TABLE `tipo_vuelos`
  ADD PRIMARY KEY (`id_tipo_vuelos`);

--
-- Indices de la tabla `vuelos`
--
ALTER TABLE `vuelos`
  ADD PRIMARY KEY (`id_vuelo`),
  ADD KEY `id_aereolinea` (`id_aereolinea`,`id_avion`,`id_piloto`,`id_copiloto`,`id_terminal`),
  ADD KEY `id_tipo_vuelos` (`id_tipo_vuelos`),
  ADD KEY `id_avion` (`id_avion`),
  ADD KEY `id_copiloto` (`id_copiloto`),
  ADD KEY `id_terminal` (`id_terminal`),
  ADD KEY `id_piloto` (`id_piloto`);

--
-- AUTO_INCREMENT de las tablas volcadas
--

--
-- AUTO_INCREMENT de la tabla `aeropuerto`
--
ALTER TABLE `aeropuerto`
  MODIFY `id_aeropuerto` int(11) NOT NULL AUTO_INCREMENT, AUTO_INCREMENT=19;

--
-- AUTO_INCREMENT de la tabla `nacionalidades`
--
ALTER TABLE `nacionalidades`
  MODIFY `id_nacionalidad` int(11) NOT NULL AUTO_INCREMENT, AUTO_INCREMENT=12;

--
-- AUTO_INCREMENT de la tabla `paises`
--
ALTER TABLE `paises`
  MODIFY `id_pais` int(11) NOT NULL AUTO_INCREMENT, AUTO_INCREMENT=12;

--
-- AUTO_INCREMENT de la tabla `servicios`
--
ALTER TABLE `servicios`
  MODIFY `id_servicio` int(11) NOT NULL AUTO_INCREMENT, AUTO_INCREMENT=41;

--
-- AUTO_INCREMENT de la tabla `tipo_vuelos`
--
ALTER TABLE `tipo_vuelos`
  MODIFY `id_tipo_vuelos` int(11) NOT NULL AUTO_INCREMENT, AUTO_INCREMENT=4;

--
-- Restricciones para tablas volcadas
--

--
-- Filtros para la tabla `aduanas`
--
ALTER TABLE `aduanas`
  ADD CONSTRAINT `aduanas_ibfk_1` FOREIGN KEY (`id_vuelo`) REFERENCES `vuelos` (`id_vuelo`) ON DELETE CASCADE ON UPDATE CASCADE;

--
-- Filtros para la tabla `aereolinea`
--
ALTER TABLE `aereolinea`
  ADD CONSTRAINT `aereolinea_ibfk_1` FOREIGN KEY (`id_pais`) REFERENCES `paises` (`id_pais`) ON DELETE CASCADE ON UPDATE CASCADE;

--
-- Filtros para la tabla `aeropuerto`
--
ALTER TABLE `aeropuerto`
  ADD CONSTRAINT `aeropuerto_ibfk_1` FOREIGN KEY (`id_pais`) REFERENCES `paises` (`id_pais`) ON DELETE CASCADE ON UPDATE CASCADE;

--
-- Filtros para la tabla `aviones`
--
ALTER TABLE `aviones`
  ADD CONSTRAINT `aviones_ibfk_1` FOREIGN KEY (`id_aereolinea`) REFERENCES `aereolinea` (`id_aereolinea`) ON DELETE CASCADE ON UPDATE CASCADE,
  ADD CONSTRAINT `aviones_ibfk_2` FOREIGN KEY (`id_hangar`) REFERENCES `hangares` (`id_hangar`) ON DELETE CASCADE ON UPDATE CASCADE;

--
-- Filtros para la tabla `boletos`
--
ALTER TABLE `boletos`
  ADD CONSTRAINT `boletos_ibfk_1` FOREIGN KEY (`id_vuelo`) REFERENCES `vuelos` (`id_vuelo`) ON DELETE CASCADE ON UPDATE CASCADE,
  ADD CONSTRAINT `boletos_ibfk_2` FOREIGN KEY (`id_cliente`) REFERENCES `pasajeros` (`id_pasajero`) ON DELETE CASCADE ON UPDATE CASCADE;

--
-- Filtros para la tabla `empleados_aereopuerto`
--
ALTER TABLE `empleados_aereopuerto`
  ADD CONSTRAINT `empleados_aereopuerto_ibfk_1` FOREIGN KEY (`id_puesto`) REFERENCES `puesto` (`id_puesto`) ON DELETE CASCADE ON UPDATE CASCADE,
  ADD CONSTRAINT `empleados_aereopuerto_ibfk_2` FOREIGN KEY (`id_terminal`) REFERENCES `terminales` (`id_terminal`) ON DELETE CASCADE ON UPDATE CASCADE;

--
-- Filtros para la tabla `estacionamiento_aviones`
--
ALTER TABLE `estacionamiento_aviones`
  ADD CONSTRAINT `estacionamiento_aviones_ibfk_2` FOREIGN KEY (`id_avion`) REFERENCES `aviones` (`id_avion`) ON DELETE CASCADE ON UPDATE CASCADE,
  ADD CONSTRAINT `estacionamiento_aviones_ibfk_3` FOREIGN KEY (`id_aeropuerto`) REFERENCES `aeropuerto` (`id_aeropuerto`) ON DELETE CASCADE ON UPDATE CASCADE;

--
-- Filtros para la tabla `estacionamiento_pasajeros`
--
ALTER TABLE `estacionamiento_pasajeros`
  ADD CONSTRAINT `estacionamiento_pasajeros_ibfk_1` FOREIGN KEY (`id_aeropuerto`) REFERENCES `aeropuerto` (`id_aeropuerto`) ON DELETE CASCADE ON UPDATE CASCADE;

--
-- Filtros para la tabla `hangares`
--
ALTER TABLE `hangares`
  ADD CONSTRAINT `hangares_ibfk_1` FOREIGN KEY (`id_aeropuerto`) REFERENCES `aeropuerto` (`id_aeropuerto`) ON DELETE CASCADE ON UPDATE CASCADE;

--
-- Filtros para la tabla `llegadas`
--
ALTER TABLE `llegadas`
  ADD CONSTRAINT `llegadas_ibfk_1` FOREIGN KEY (`id_pista`) REFERENCES `pistas` (`id_pista`) ON DELETE CASCADE ON UPDATE CASCADE,
  ADD CONSTRAINT `llegadas_ibfk_2` FOREIGN KEY (`id_vuelo`) REFERENCES `vuelos` (`id_vuelo`) ON DELETE CASCADE ON UPDATE CASCADE;

--
-- Filtros para la tabla `locales`
--
ALTER TABLE `locales`
  ADD CONSTRAINT `locales_ibfk_1` FOREIGN KEY (`id_terminal`) REFERENCES `terminales` (`id_terminal`) ON DELETE CASCADE ON UPDATE CASCADE;

--
-- Filtros para la tabla `nacionalidades`
--
ALTER TABLE `nacionalidades`
  ADD CONSTRAINT `nacionalidades_ibfk_1` FOREIGN KEY (`id_pais`) REFERENCES `paises` (`id_pais`) ON DELETE CASCADE ON UPDATE CASCADE;

--
-- Filtros para la tabla `pistas`
--
ALTER TABLE `pistas`
  ADD CONSTRAINT `pistas_ibfk_1` FOREIGN KEY (`id_aeropuerto`) REFERENCES `aeropuerto` (`id_aeropuerto`) ON DELETE CASCADE ON UPDATE CASCADE;

--
-- Filtros para la tabla `servicios`
--
ALTER TABLE `servicios`
  ADD CONSTRAINT `servicios_ibfk_1` FOREIGN KEY (`id_tipo_servicios`) REFERENCES `tipo_servicios` (`id_tipo`) ON DELETE CASCADE ON UPDATE CASCADE,
  ADD CONSTRAINT `servicios_ibfk_2` FOREIGN KEY (`id_local`) REFERENCES `locales` (`id_local`) ON DELETE CASCADE ON UPDATE CASCADE;

--
-- Filtros para la tabla `servicio_combustible`
--
ALTER TABLE `servicio_combustible`
  ADD CONSTRAINT `servicio_combustible_ibfk_1` FOREIGN KEY (`id_avion`) REFERENCES `aviones` (`id_avion`) ON DELETE CASCADE ON UPDATE CASCADE,
  ADD CONSTRAINT `servicio_combustible_ibfk_3` FOREIGN KEY (`id_empleado`) REFERENCES `empleados_aereopuerto` (`id_empleado_aereopuerto`) ON DELETE CASCADE ON UPDATE CASCADE;

--
-- Filtros para la tabla `terminales`
--
ALTER TABLE `terminales`
  ADD CONSTRAINT `terminales_ibfk_1` FOREIGN KEY (`id_aeropuerto`) REFERENCES `aeropuerto` (`id_aeropuerto`) ON DELETE CASCADE ON UPDATE CASCADE;

--
-- Filtros para la tabla `vuelos`
--
ALTER TABLE `vuelos`
  ADD CONSTRAINT `vuelos_ibfk_1` FOREIGN KEY (`id_aereolinea`) REFERENCES `aereolinea` (`id_aereolinea`) ON DELETE CASCADE ON UPDATE CASCADE,
  ADD CONSTRAINT `vuelos_ibfk_3` FOREIGN KEY (`id_avion`) REFERENCES `aviones` (`id_avion`) ON DELETE CASCADE ON UPDATE CASCADE,
  ADD CONSTRAINT `vuelos_ibfk_4` FOREIGN KEY (`id_copiloto`) REFERENCES `copiloto` (`id_copiloto`) ON DELETE CASCADE ON UPDATE CASCADE,
  ADD CONSTRAINT `vuelos_ibfk_5` FOREIGN KEY (`id_terminal`) REFERENCES `terminales` (`id_terminal`),
  ADD CONSTRAINT `vuelos_ibfk_6` FOREIGN KEY (`id_tipo_vuelos`) REFERENCES `tipo_vuelos` (`id_tipo_vuelos`) ON DELETE CASCADE ON UPDATE CASCADE,
  ADD CONSTRAINT `vuelos_ibfk_8` FOREIGN KEY (`id_piloto`) REFERENCES `piloto` (`id_piloto`) ON DELETE CASCADE ON UPDATE CASCADE;
COMMIT;

/*!40101 SET CHARACTER_SET_CLIENT=@OLD_CHARACTER_SET_CLIENT */;
/*!40101 SET CHARACTER_SET_RESULTS=@OLD_CHARACTER_SET_RESULTS */;
/*!40101 SET COLLATION_CONNECTION=@OLD_COLLATION_CONNECTION */;
